"date","value","volume"
"2007-01-03","3.2","9"
"2007-01-04","3.2","42"
"2007-01-08","3.5","1"
"2007-01-10","3.5","16"
"2007-01-11","3.5","17"
"2007-01-16","3.5","28"
"2007-01-17","3.51","8"
"2007-01-22","3.51","9"
"2007-01-24","3.512","13"
"2007-01-25","3.512","13"
"2007-01-26","3.515","16"
"2007-01-29","3.515","30"
"2007-01-30","3.515","20"
"2007-02-01","3.515","30"
"2007-02-06","3.8","20"
"2007-02-08","3.8","30"
"2007-02-09","3.8","107"
"2007-02-15","3.8","20"
"2007-02-20","3.8","20"
"2007-02-28","4","101"
"2007-03-01","4","20"
"2007-05-23","4.5","51"
"2007-05-24","4.5","40"
"2007-05-31","4.5","178"
"2007-06-07","4.5","28"
"2007-06-12","4.5","20"
"2007-06-13","4.5","20"
"2007-06-15","4.5","19"
"2007-06-18","4.499","72"
"2007-06-21","4.499","22"
"2007-06-26","4.5","205"
"2007-06-28","4.6","35"
"2007-07-02","4.61","8"
"2007-07-05","5","128"
"2007-07-06","5.5","85"
"2007-07-18","5.71","9"
"2007-07-25","5.715","8"
"2007-07-26","6.05","27"
"2007-07-27","6.11","4"
"2007-07-31","8","20"
"2007-08-01","8.001","10"
"2007-08-03","8.5","1"
"2007-08-06","8.5","9"
"2007-08-15","9","33"
"2007-08-16","9.3","33"
"2007-08-21","9.501","42"
"2007-08-22","10.001","55"
"2007-08-24","10.5","30"
"2007-08-27","11","18"
"2007-08-28","11","21"
"2007-08-30","11.5","30"
"2007-08-31","11.5","101"
"2007-09-03","11.55","47"
"2007-09-04","11.55","55"
"2007-09-06","11.55","59"
"2007-09-07","12","29"
"2007-09-10","12","64"
"2007-09-11","12","4"
"2007-09-14","15","2"
"2007-09-21","14","2"
"2007-09-25","14","5"
"2007-09-27","14","68"
"2007-10-03","15","120"
"2007-10-05","12.002","23"
"2007-10-09","13","20"
"2007-10-11","14","98"
"2007-10-12","15","31"
"2007-10-15","15.002","123"
"2007-10-16","15.002","70"
"2007-10-17","15.052","9"
"2007-10-19","15.052","36"
"2007-10-22","15.051","36"
"2007-10-23","15.055","149"
"2007-10-24","15.055","16"
"2007-10-25","15.056","106"
"2007-10-26","15.1","25"
"2007-10-29","15.1","30"
"2007-10-30","15.2","88"
"2007-11-02","15.3","20"
"2007-11-05","15.3","53"
"2007-11-06","15.3","104"
"2007-11-07","15.3","9"
"2007-11-08","15.3","46"
"2007-11-12","15.3","40"
"2007-11-13","15.2","11"
"2007-11-14","15.2","40"
"2007-11-15","15.2","30"
"2007-11-16","15","22"
"2007-11-19","15.2","9"
"2007-11-20","15.2","56"
"2007-11-21","15.2","28"
"2007-11-22","15.2","9"
"2007-11-23","15.2","12"
"2007-11-27","15.203","20"
"2007-11-28","15.2","27"
"2007-11-30","15.201","23"
"2007-12-03","15.5","20"
"2007-12-04","15.5","10"
"2007-12-06","15.5","19"
"2007-12-10","15.5","50"
"2007-12-12","16","30"
"2007-12-13","16.01","9"
"2007-12-18","17.8","18"
"2007-12-19","18","29"
"2007-12-20","18.5","7"
"2007-12-21","18.5","99"
"2007-12-24","18.5","30"
"2007-12-25","19","20"
"2007-12-26","19","34"
"2007-12-27","19","10"
"2008-01-03","19","5"
"2008-01-07","19","80"
"2008-01-08","19","43"
"2008-01-09","19","6"
"2008-01-10","19","122"
"2008-01-15","19.5","49"
"2008-01-17","20","34"
"2008-01-18","19","14"
"2008-01-22","21.85","56"
"2008-01-23","21.85","9"
"2008-01-24","23","30"
"2008-01-25","22.5","28"
"2008-01-28","23","1"
"2008-01-29","23","19"
"2008-01-30","23","208"
"2008-01-31","22.5","20"
"2008-02-01","25","265"
"2008-02-04","28","264"
"2008-02-05","30","83"
"2008-02-06","30","19"
"2008-02-07","30.505","105"
"2008-02-11","33.5","37"
"2008-02-12","38.525","40"
"2008-02-13","43.89","354"
"2008-02-14","45","221"
"2008-02-15","45","300"
"2008-02-18","44","457"
"2008-02-19","43.95","127"
"2008-02-20","43.4","0"
"2008-02-21","43","131"
"2008-02-22","41","51"
"2008-02-25","41","294"
"2008-02-26","42","219"
"2008-02-27","42","125"
"2008-02-28","47.5","311"
"2008-02-29","54","230"
"2008-03-03","55","402"
"2008-03-04","54","218"
"2008-03-05","54","1"
"2008-03-06","54.5","360"
"2008-03-07","62","553"
"2008-03-10","64","500"
"2008-03-11","65","393"
"2008-03-12","74","199"
"2008-03-13","85","205"
"2008-03-14","85.1","73"
"2008-03-20","90","238"
"2008-03-21","90","183"
"2008-03-25","88.5","9"
"2008-03-26","88","110"
"2008-03-27","87","173"
"2008-04-09","76","153"
"2008-04-10","74.4","35"
"2008-04-18","64","141"
"2008-04-21","60","182"
"2008-04-23","59.5","219"
"2008-04-24","59.5","45"
"2008-04-25","59.5","143"
"2008-05-21","59.5","13"
"2008-05-30","55","56"
"2008-06-02","55","26"
"2008-06-04","54.5","18"
"2008-06-06","53","29"
"2008-06-09","52.9","16"
"2008-06-12","47.9","27"
"2008-06-13","47.999","154"
"2008-06-16","51","291"
"2008-06-17","52","17"
"2008-06-18","53","43"
"2008-06-19","54","37"
"2008-06-23","54","2"
"2008-07-15","62.1","200"
"2008-07-16","71.4","300"
"2008-07-17","82","97834"
"2008-07-18","92","54876"
"2008-07-21","91.5","38498"
"2008-07-22","86.1","34322"
"2008-07-23","86.1","11647"
"2008-07-24","83","7560"
"2008-07-25","88","46967"
"2008-07-28","81.9","56481"
"2008-07-29","82.5","2572"
"2008-07-30","80","3068"
"2008-07-31","71.5","16334"
"2008-08-01","77","33086"
"2008-08-04","77","14240"
"2008-08-05","78","7310"
"2008-08-06","78","10103"
"2008-08-07","80","5537"
"2008-08-08","85","6790"
"2008-08-11","86","9770"
"2008-08-12","86","1073"
"2008-08-13","85.5","300"
"2008-08-14","84.9","118"
"2008-08-15","85.5","11129"
"2008-08-18","83","10833"
"2008-08-19","83","297"
"2008-08-20","82.5","3400"
"2008-08-21","82.9","2470"
"2008-08-22","80","4880"
"2008-08-25","78","3270"
"2008-08-26","75.5","4785"
"2008-08-27","75","4757"
"2008-08-28","82","1268"
"2008-09-01","81.9","500"
"2008-09-02","80","3000"
"2008-09-03","80","563"
"2008-09-05","75","2000"
"2008-09-08","73","636"
"2008-10-20","55","4987"
"2008-10-21","54.9","3130"
"2008-10-22","53","410"
"2008-10-23","50","406"
"2008-10-24","42.5","901"
"2008-10-27","42.5","1999"
"2008-10-28","37","2100"
"2008-10-29","37","1150"
"2008-10-30","36","450"
"2008-10-31","36.5","305"
"2008-11-03","36","906"
"2008-11-04","35","1388"
"2008-11-05","34.8","244"
"2008-11-06","34","3720"
"2008-11-07","30","4466"
"2008-11-10","34.5","5730"
"2008-11-11","39.6","7962"
"2008-11-12","45.5","1000"
"2008-11-13","52.3","12206"
"2008-11-14","52.1","1052"
"2008-11-17","45.6","200"
"2008-11-18","48.5","675"
"2008-11-19","49.5","5420"
"2008-11-21","49","6997"
"2008-11-24","48","4852"
"2008-11-25","51","3418"
"2008-11-27","50","1220"
"2008-11-28","49.5","4007"
"2008-12-01","47","3489"
"2008-12-02","47","2519"
"2008-12-03","46.5","2470"
"2008-12-04","44.4","1000"
"2008-12-05","45","861"
"2008-12-08","39.6","309"
"2008-12-09","43","680"
"2008-12-10","42","600"
"2008-12-11","45","8990"
"2008-12-12","41","2292"
"2008-12-15","40.5","250"
"2008-12-16","40","168"
"2008-12-18","39.5","2745"
"2008-12-22","39","42"
"2008-12-23","38","2985"
"2008-12-24","37.9","1960"
"2008-12-25","39.5","6609"
"2008-12-26","39.5","177"
"2008-12-29","39.5","1960"
"2008-12-30","39.6","770"
"2008-12-31","43","8731"
"2009-01-02","43","30"
"2009-01-05","43","1000"
"2009-01-06","43","2301"
"2009-01-07","48","2457"
"2009-01-08","45","3875"
"2009-01-12","45","538"
"2009-01-13","44","1537"
"2009-01-14","40","1159"
"2009-01-15","41.2","353"
"2009-01-19","44.4","408"
"2009-01-20","38","443"
"2009-01-21","32.3","5981"
"2009-01-22","37","1016"
"2009-01-23","37","698"
"2009-01-27","33.5","2436"
"2009-01-29","38.5","2021"
"2009-01-30","35","300"
"2009-02-02","35","920"
"2009-02-03","40.2","248"
"2009-02-04","40","1045"
"2009-02-05","35.1","658"
"2009-02-06","40","210"
"2009-02-09","40","426"
"2009-02-10","42","14313"
"2009-02-11","40","3900"
"2009-02-12","40.2","4153"
"2009-02-13","44","3017"
"2009-02-16","43","990"
"2009-02-17","43.5","1757"
"2009-02-18","42","2568"
"2009-02-19","42","4316"
"2009-02-20","42","2"
"2009-02-21","42","12"
"2009-02-23","39.1","2200"
"2009-02-24","40","600"
"2009-03-02","42","600"
"2009-03-05","42","5186"
"2009-03-06","43.8","157"
"2009-03-09","45","3085"
"2009-03-10","44.9","12644"
"2009-03-12","44.5","7985"
"2009-03-13","45","3797"
"2009-03-16","44.5","390"
"2009-03-17","44","1222"
"2009-03-18","44","472"
"2009-03-24","43","2950"
"2009-03-25","43","5000"
"2009-03-26","43.5","1400"
"2009-03-27","44","500"
"2009-03-30","43","1343"
"2009-03-31","43","100"
"2009-04-01","42.5","300"
"2009-04-02","43.5","3306"
"2009-04-03","43","899"
"2009-04-07","42.5","7926"
"2009-04-08","42","1192"
"2009-04-09","41.9","40"
"2009-04-10","41.8","33"
"2009-04-13","40","3025"
"2009-04-14","38","2336"
"2009-04-15","37","110"
"2009-04-16","38.1","6381"
"2009-04-17","39.5","860"
"2009-04-20","42","21499"
"2009-04-21","42","5079"
"2009-04-23","40.5","1090"
"2009-04-24","38.5","100"
"2009-04-27","42","1821"
"2009-04-28","44.9","4500"
"2009-04-29","45","877"
"2009-05-04","44","1"
"2009-05-05","43","2564"
"2009-05-06","40","488"
"2009-05-07","40","1122"
"2009-05-08","40","510"
"2009-05-12","39.9","2528"
"2009-05-13","39.9","400"
"2009-05-14","38","111"
"2009-05-15","39.9","554"
"2009-05-18","42","8438"
"2009-05-19","45","14166"
"2009-05-20","50","8396"
"2009-05-21","49.8","4255"
"2009-05-22","50","13139"
"2009-05-25","55","9939"
"2009-05-26","54.5","4831"
"2009-05-27","52.7","4459"
"2009-05-28","52","4185"
"2009-05-29","51.9","1387"
"2009-06-02","48","2101"
"2009-06-05","54","22119"
"2009-06-05","54","22119"
"2009-06-08","57","8521"
"2009-06-09","57","5577"
"2009-06-10","56","6000"
"2009-06-11","56","1165"
"2009-06-12","57.9","29138"
"2009-06-15","59","14598"
"2009-06-17","56.9","125"
"2009-06-18","59","30818"
"2009-06-19","58.4","11500"
"2009-06-23","58","150"
"2009-06-24","56","1890"
"2009-06-25","58","4359"
"2009-06-29","56","23"
"2009-06-30","57.9","2940"
"2009-07-01","57.9","8"
"2009-07-02","57.8","500"
"2009-07-03","50","2044"
"2009-07-06","50","3300"
"2009-07-07","55","35"
"2009-07-08","50","4718"
"2009-07-09","50","8560"
"2009-07-10","49.9","3533"
"2009-07-15","53","1475"
"2009-07-16","50","2146"
"2009-07-17","50","1000"
"2009-07-20","49.5","1550"
"2009-07-21","49","515"
"2009-07-22","48.5","1100"
"2009-07-23","46.5","4326"
"2009-07-24","48","914"
"2009-07-27","47.4","2414"
"2009-07-28","47.4","305"
"2009-07-29","46.1","6410"
"2009-07-30","46","2255"
"2009-07-31","46","1027"
"2009-08-03","46","9653"
"2009-08-04","46.1","200"
"2009-08-05","46.2","1000"
"2009-08-06","46","1588"
"2009-08-07","45.5","1095"
"2009-08-10","43.1","2437"
"2009-08-11","44","987"
"2009-08-12","43.2","1700"
"2009-08-13","43.1","4000"
"2009-08-14","46","125"
"2009-08-17","45","1180"
"2009-08-18","47.5","4493"
"2009-08-20","54.6","4834"
"2009-08-21","60","2743"
"2009-08-25","56.9","2687"
"2009-08-26","51","14948"
"2009-08-27","50.3","5286"
"2009-08-31","56","2721"
"2009-09-01","57","883"
"2009-09-02","57.6","25852"
"2009-09-03","57.6","14787"
"2009-09-04","57.5","12382"
"2009-09-07","51.1","3501"
"2009-09-08","50.5","7960"
"2009-09-09","55","2745"
"2009-09-10","53","3900"
"2009-09-11","57.6","4397"
"2009-09-14","57.3","6335"
"2009-09-15","56","1356"
"2009-09-16","56","3900"
"2009-09-17","56","8000"
"2009-09-18","55","5305"
"2009-09-21","57.5","12419"
"2009-09-22","57","2359"
"2009-09-23","57.1","14863"
"2009-09-24","58.5","13058"
"2009-09-25","58.7","1770"
"2009-09-28","59","32427"
"2009-09-29","59.5","23004"
"2009-09-30","59.5","25640"
"2009-10-01","59.5","2643"
"2009-10-02","58","1332"
"2009-10-05","59.7","25053"
"2009-10-06","60","12085"
"2009-10-07","69","2366"
"2009-10-08","71","4556"
"2009-10-09","72.5","9768"
"2009-10-12","72.5","7095"
"2009-10-13","72","9451"
"2009-10-14","71.5","16391"
"2009-10-15","70","4150"
"2009-10-16","70","1911"
"2009-10-19","69.8","3611"
"2009-10-20","69.4","2149"
"2009-10-22","69","70"
"2009-10-23","65.1","909"
"2009-10-26","65","100"
"2009-10-27","65","2390"
"2009-10-28","63","2100"
"2009-10-29","60","10889"
"2009-10-30","60","6500"
"2009-11-02","60.1","4626"
"2009-11-03","62","29002"
"2009-11-04","62.2","7500"
"2009-11-05","62.5","93"
"2009-11-06","70","2400"
"2009-11-09","68","8717"
"2009-11-10","70","140"
"2009-11-11","69","5454"
"2009-11-12","68","28100"
"2009-11-13","68","100"
"2009-11-16","68","2070"
"2009-11-17","65","730"
"2009-11-18","68","20"
"2009-11-19","67.9","5"
"2009-11-20","68","10858"
"2009-11-23","68.9","60"
"2009-11-24","62.7","6450"
"2009-11-25","64","1700"
"2009-11-27","64","100"
"2009-11-30","62","7952"
"2009-12-01","62","200"
"2009-12-03","65.5","12194"
"2009-12-04","68.7","31410"
"2009-12-07","68.3","30969"
"2009-12-08","63.1","6000"
"2009-12-09","65","2100"
"2009-12-10","65","710"
"2009-12-11","68","154"
"2009-12-16","67.9","1700"
"2009-12-17","65","10"
"2009-12-18","67.5","5"
"2009-12-21","65","129"
"2009-12-23","63","9744"
"2009-12-24","63","7710"
"2009-12-25","63","3110"
"2009-12-28","63","800"
"2009-12-29","63","3000"
"2009-12-30","63","950"
"2010-01-04","63","150"
"2010-01-05","63","3073"
"2010-01-06","63","4390"
"2010-01-07","63","3120"
"2010-01-11","63","14344"
"2010-01-12","63.5","70"
"2010-01-12","63.5","70"
"2010-01-14","65","10720"
"2010-01-15","65","6500"
"2010-01-19","64.5","541"
"2010-01-20","64.5","2050"
"2010-01-22","64.9","50"
"2010-01-25","65","1095"
"2010-01-26","65","1715"
"2010-01-27","64.5","11660"
"2010-01-28","64","2800"
"2010-01-29","67.9","1090"
"2010-02-01","68.3","2182"
"2010-02-03","68","2158"
"2010-02-04","68","1553"
"2010-02-08","68","5056"
"2010-02-09","66.5","4910"
"2010-02-10","66","6600"
"2010-02-12","68","2980"
"2010-02-17","68.5","10"
"2010-02-18","69.5","721"
"2010-02-22","69.5","6620"
"2010-02-23","70","352"
"2010-02-24","71.1","4042"
"2010-02-25","73","103876"
"2010-02-26","79.9","3338"
"2010-03-01","83","1370"
"2010-03-02","84","1153"
"2010-03-03","95","16971"
"2010-03-04","100","16037"
"2010-03-05","115","7821"
"2010-03-09","130","10535"
"2010-03-10","149.5","11053"
"2010-03-11","154","8530"
"2010-03-12","149","7448"
"2010-03-15","149","17307"
"2010-03-16","146","21226"
"2010-03-17","149","16623"
"2010-03-18","150","28063"
"2010-03-19","150","29546"
"2010-03-22","150","6100"
"2010-03-23","150","29258"
"2010-03-24","150","2776"
"2010-03-25","160","15010"
"2010-03-26","165","4078"
"2010-03-29","167","32554"
"2010-03-30","170","4845"
"2010-03-31","182","13707"
"2010-04-01","180","29899"
"2010-04-02","200","11544"
"2010-04-05","199.9","452075"
"2010-04-06","199.7","11950"
"2010-04-07","195","4512"
"2010-04-08","180","2197"
"2010-04-09","174","9162"
"2010-04-12","180","1347"
"2010-04-13","190","4280"
"2010-04-14","190","10826"
"2010-04-15","188","1202"
"2010-04-16","189.9","2791"
"2010-04-19","195","5863"
"2010-04-20","194.9","7352"
"2010-04-21","195","4076"
"2010-04-22","195","7369"
"2010-04-23","195","173"
"2010-04-26","192","4243"
"2010-04-27","185","3155"
"2010-04-28","190","1478"
"2010-04-29","185","7717"
"2010-04-30","185","601"
"2010-05-03","183.5","1214"
"2010-05-04","180","2447"
"2010-05-05","168","4933"
"2010-05-06","164.9","4765"
"2010-05-07","170","3121"
"2010-05-10","168","1086"
"2010-05-11","169.9","1715"
"2010-05-12","164","3974"
"2010-05-13","168","2714"
"2010-05-17","169","6766"
"2010-05-18","179.9","9572"
"2010-05-19","179.5","4182"
"2010-05-20","176","2002"
"2010-05-21","177.5","1459"
"2010-05-24","176","103"
"2010-05-25","175","1204"
"2010-05-26","166.1","3337"
"2010-05-27","170","1210"
"2010-05-28","169.7","686"
"2010-05-31","165","2387"
"2010-06-02","165","946"
"2010-06-03","155","2682"
"2010-06-04","164.9","2732"
"2010-06-07","161","648"
"2010-06-09","160","13696"
"2010-06-10","159.9","7542"
"2010-06-11","160","8849"
"2010-06-14","155","757"
"2010-06-15","169.5","5936"
"2010-06-16","169.8","1356"
"2010-06-17","168.9","1856"
"2010-06-18","160","1000"
"2010-06-21","159.9","900"
"2010-06-22","158","223"
"2010-06-23","165","1339"
"2010-06-24","160","699"
"2010-06-25","160","1091"
"2010-06-28","160","35"
"2010-06-29","160","227"
"2010-06-30","160","50"
"2010-07-01","160","413"
"2010-07-02","160","417"
"2010-07-05","160","500"
"2010-07-07","155.1","1776"
"2010-07-08","155","3672"
"2010-07-09","160","200"
"2010-07-14","160","50"
"2010-07-15","155","1400"
"2010-07-16","160","572"
"2010-07-19","159","2713"
"2010-07-20","160","2303"
"2010-07-21","160","54"
"2010-07-22","158","2542"
"2010-07-23","157.9","903"
"2010-07-26","156.8","304"
"2010-07-27","157","1762"
"2010-07-28","157","528"
"2010-07-29","159","1021"
"2010-07-30","157.8","36"
"2010-08-02","160","265"
"2010-08-03","159","52"
"2010-08-04","155.5","229"
"2010-08-05","158","3461"
"2010-08-06","158","1340"
"2010-08-09","158","1796"
"2010-08-10","159","5532"
"2010-08-11","159","2590"
"2010-08-12","159","57"
"2010-08-13","158","249"
"2010-08-16","162.5","4112"
"2010-08-17","159","6604"
"2010-08-18","162.5","72"
"2010-08-19","167","3669"
"2010-08-20","170","1930"
"2010-08-23","160","2500"
"2010-08-24","169.9","1397"
"2010-08-25","160","5775"
"2010-08-26","160","3598"
"2010-08-27","170","3052"
"2010-08-30","179","2089"
"2010-08-31","178.2","2241"
"2010-09-01","178.3","664"
"2010-09-02","180","745"
"2010-09-03","185","3138"
"2010-09-06","193","2487"
"2010-09-07","191.5","3508"
"2010-09-08","186","4352"
"2010-09-09","190","470"
"2010-09-10","184.5","3391"
"2010-09-13","185","2524"
"2010-09-14","180","8395"
"2010-09-15","180","4563"
"2010-09-16","180","2323"
"2010-09-17","180","547"
"2010-09-20","176","6583"
"2010-09-21","175","260"
"2010-09-22","170","2023"
"2010-09-24","170","10205"
"2010-09-27","171","1196"
"2010-09-28","170","4583"
"2010-09-29","165","6736"
"2010-09-30","163","6291"
"2010-10-01","165","1000"
"2010-10-04","160.5","2348"
"2010-10-05","160.5","3030"
"2010-10-06","165","4750"
"2010-10-07","168","1752"
"2010-10-08","168","39922"
"2010-10-09","168","39922"
"2010-10-12","162","532"
"2010-10-13","163.5","4924"
"2010-10-14","165","33303"
"2010-10-15","170","2566"
"2010-10-18","170","56"
"2010-10-19","169.8","475"
"2010-10-20","169.8","1070"
"2010-10-21","165.1","2400"
"2010-10-22","167","6331"
"2010-10-25","167","278"
"2010-10-26","166","1769"
"2010-10-27","167","1416"
"2010-10-28","168","2216"
"2010-11-01","167","2150"
"2010-11-02","169","7000"
"2010-11-03","169","7000"
"2010-11-03","169","7000"
"2010-11-04","168.5","7000"
"2010-11-05","169","5716"
"2010-11-08","169","1190"
"2010-11-09","169","1833"
"2010-11-10","168.5","200"
"2010-11-11","170","1067"
"2010-11-11","170","1067"
"2010-11-11","170","1067"
"2010-11-12","168.5","692"
"2010-11-16","168.5","338"
"2010-11-17","168.5","3300"
"2010-11-18","169","2103"
"2010-11-19","169","2678"
"2010-11-22","169","4297"
"2010-11-23","169.8","18548"
"2010-11-24","169","3988"
"2010-11-25","169","9139"
"2010-11-29","170","1872"
"2010-11-30","179.5","2247"
"2010-12-01","185","2873"
"2010-12-03","180","316"
"2010-12-03","184","4895"
"2010-12-06","183.4","1160"
"2010-12-07","180","1034"
"2010-12-08","182","4331"
"2010-12-09","180","167"
"2010-12-10","179.9","100"
"2010-12-13","179.8","650"
"2010-12-14","182.5","4830"
"2010-12-15","182.5","245"
"2010-12-16","183.4","5703"
"2010-12-17","185.5","601556"
"2010-12-20","188","5930"
"2010-12-21","199","9421"
"2010-12-22","199","5349"
"2010-12-23","199","2463"
"2010-12-24","199","1598"
"2010-12-27","198.8","3245"
"2010-12-28","198.8","1616"
"2010-12-29","190","2915"
"2010-12-30","190.1","3471"
"2010-12-31","199","284"
"2011-01-03","199","119"
"2011-01-04","201.1","22277"
"2011-01-05","206.5","4625"
"2011-01-06","200","1067"
"2011-01-07","210","8658"
"2011-01-10","230","1493"
"2011-01-11","230","5780"
"2011-01-12","230","460"
"2011-01-13","239","5702"
"2011-01-14","239","242"
"2011-01-17","237","6138"
"2011-01-18","250","8427"
"2011-01-19","287","254"
"2011-01-20","270","2243"
"2011-01-21","280.1","4356"
"2011-01-24","300","16364"
"2011-01-25","330","4344"
"2011-01-26","339","13773"
"2011-01-27","340","13128"
"2011-01-28","375","16807"
"2011-01-31","369.9","2656"
"2011-02-01","365","3481"
"2011-02-02","345","3987"
"2011-02-07","356","475"
"2011-02-08","350","205"
"2011-02-09","345","1640"
"2011-02-10","340","1152"
"2011-02-11","340","5711"
"2011-02-14","339.5","1967"
"2011-02-15","310","5242"
"2011-02-16","310","6294"
"2011-02-17","300","8717"
"2011-02-18","310","8342"
"2011-02-21","335","5647"
"2011-02-22","350","4605"
"2011-02-23","345","4487"
"2011-02-24","350.1","3284"
"2011-02-25","358","1302"
"2011-02-28","350","2176"
"2011-03-01","340","286"
"2011-03-02","330","1573"
"2011-03-03","330","1320"
"2011-03-09","295","2885"
"2011-03-10","300","4811"
"2011-03-11","300","8115"
"2011-03-14","305","2700"
"2011-03-15","300","8002"
"2011-03-16","300","2495"
"2011-03-17","300.1","2380"
"2011-03-18","305","5631"
"2011-03-21","310","447"
"2011-03-22","310.3","636"
"2011-03-23","330","2572"
"2011-03-24","332","3529"
"2011-03-25","340","7396"
"2011-03-28","340","206"
"2011-03-29","330","2358"
"2011-03-30","325","3652"
"2011-03-31","325","5756"
"2011-04-01","320","3523"
"2011-04-04","310","2146"
"2011-04-05","310","2185"
"2011-04-06","304.5","918"
"2011-04-08","290","2804"
"2011-04-08","300","8405"
"2011-04-11","300","632"
"2011-04-12","300","800"
"2011-04-13","300","774"
"2011-04-14","300","4536"
"2011-04-15","300","235"
"2011-04-18","290","1082"
"2011-04-19","305","22720"
"2011-04-20","309","10646"
"2011-04-21","310","1928"
"2011-04-22","320","10751"
"2011-04-25","315","598"
"2011-04-26","313","2182"
"2011-04-27","310","5048"
"2011-04-28","300","708"
"2011-04-29","300","897"
"2011-05-02","300","2670"
"2011-05-03","305","492"
"2011-05-04","300","2040"
"2011-05-05","300","778"
"2011-05-06","300","3733"
"2011-05-09","299.9","700"
"2011-05-10","280.1","2553"
"2011-05-11","299.9","208"
"2011-05-12","299","2274"
"2011-05-13","300","2530"
"2011-05-16","298","2179"
"2011-05-17","298.5","1000"
"2011-05-18","300","780"
"2011-05-19","298.6","766"
"2011-05-20","298.5","2541"
"2011-05-23","290","2515"
"2011-05-24","290","1260"
"2011-05-25","298.5","1266"
"2011-05-26","290.1","122"
"2011-05-27","285","1057"
"2011-05-30","290","3141"
"2011-05-31","291","4043"
"2011-06-02","298","33"
"2011-06-03","298","8249"
"2011-06-06","292.5","3411"
"2011-06-07","290","760"
"2011-06-09","280","4364"
"2011-06-10","275","3388"
"2011-06-13","279","1135"
"2011-06-14","280","4212"
"2011-06-15","285","2635"
"2011-06-16","280","3418"
"2011-06-17","285","8"
"2011-06-20","290","1231"
"2011-06-21","290","613"
"2011-06-22","290","235"
"2011-06-23","285.1","1983"
"2011-06-24","290","1564"
"2011-06-27","290","1209"
"2011-06-28","290.9","2254"
"2011-06-29","300","5027"
"2011-06-30","299","5191"
"2011-07-01","300","611"
"2011-07-04","300","1319"
"2011-07-05","300","739"
"2011-07-06","306","2004"
"2011-07-07","329","1374"
"2011-07-08","350","2312"
"2011-07-09","350","4829"
"2011-07-10","340","470"
"2011-07-18","340","2248"
"2011-07-19","340","1028"
"2011-07-20","349","615"
"2011-07-21","351.4","17551"
"2011-07-22","368","40"
"2011-07-25","353","1476"
"2011-07-26","354.5","1319"
"2011-07-26","340","1815"
"2011-07-28","340","2406"
"2011-07-29","335","1498"
"2011-08-01","320","1709"
"2011-08-02","323","1199"
"2011-08-03","330","1671"
"2011-08-04","310","5664"
"2011-08-05","311","1140"
"2011-08-09","326","3593"
"2011-08-09","320","1000"
"2011-08-10","320","1330"
"2011-08-12","310","7812"
"2011-08-12","310","10937"
"2011-08-16","329.9","975"
"2011-08-17","320","2609"
"2011-08-18","329","4089"
"2011-08-19","321","3500"
"2011-08-22","321.1","2524"
"2011-08-23","321.7","2955"
"2011-08-24","322","1000"
"2011-08-25","321.5","2441"
"2011-08-26","320","2298"
"2011-08-29","310","2015"
"2011-08-30","320","1840"
"2011-08-31","320","260"
"2011-09-01","320","1454"
"2011-09-02","322","1170"
"2011-09-05","322","5284"
"2011-09-06","320","2245"
"2011-09-07","321","1040"
"2011-09-08","321.1","225"
"2011-09-09","322","3904"
"2011-09-12","322","1869"
"2011-09-13","322","3490"
"2011-09-14","324","2760"
"2011-09-15","321","1385"
"2011-09-16","321","2395"
"2011-09-19","320.5","1478"
"2011-09-20","318.1","3133"
"2011-09-21","322","16204"
"2011-09-22","322","1094"
"2011-09-23","320","1014"
"2011-09-26","320","1884"
"2011-09-27","322","4104"
"2011-09-28","322","2518"
"2011-09-29","315.8","6346"
"2011-09-30","320","414"
"2011-10-03","311","949"
"2011-10-04","315","6183"
"2011-10-05","300.1","2325"
"2011-10-06","300.1","976"
"2011-10-07","305","1937"
"2011-10-10","290","1671"
"2011-10-11","299","3498"
"2011-10-12","300","2487"
"2011-10-13","301","870"
"2011-10-14","300","7710"
"2011-10-17","300","5012"
"2011-10-18","301","1769"
"2011-10-20","300.1","1000"
"2011-10-21","310","110"
"2011-10-24","305","409"
"2011-10-25","322","14511"
"2011-10-26","321","418"
"2011-10-27","320","2090"
"2011-10-28","324","3961"
"2011-10-31","324","676"
"2011-11-01","325","1024"
"2011-11-02","325","1815"
"2011-11-03","329.5","3258"
"2011-11-03","329.5","3258"
"2011-11-04","315","4007"
"2011-11-07","316","2720"
"2011-11-08","316","646"
"2011-11-09","320","3367"
"2011-11-10","319.9","5962"
"2011-11-11","319.8","2111"
"2011-11-14","325","5459"
"2011-11-15","330","10861"
"2011-11-16","338.5","1974"
"2011-11-17","345","4818"
"2011-11-18","349","4470"
"2011-11-21","355","8068"
"2011-11-21","355","8068"
"2011-11-21","355","8068"
"2011-11-21","355","8068"
"2011-11-22","354.8","5079"
"2011-11-23","356.7","4348"
"2011-11-24","355","1825"
"2011-11-25","345","2138"
"2011-11-28","347","1666"
"2011-11-29","344.5","3816"
"2011-11-30","346","1366"
"2011-12-01","350","4161"
"2011-12-02","348.9","1909"
"2011-12-05","348.5","130"
"2011-12-06","340","1203"
"2011-12-07","344.9","2997"
"2011-12-08","335.5","3362"
"2011-12-09","334","3079"
"2011-12-12","347","8705"
"2011-12-13","330","14069"
"2011-12-14","325","4542"
"2011-12-15","325.5","1597"
"2011-12-16","329.8","1278"
"2011-12-19","379","39665"
"2011-12-20","365","7243"
"2011-12-21","414.9","530030"
"2011-12-22","420","541979"
"2011-12-23","419.8","773"
"2011-12-26","390","951"
"2011-12-27","360","1006"
"2011-12-28","385","665"
"2011-12-30","420","12520"
"2012-01-02","400","354"
"2012-01-03","405","977"
"2012-01-04","390","1723"
"2012-01-05","395","5013"
"2012-01-06","400","202"
"2012-01-09","395","1796"
"2012-01-10","399.9","4213"
"2012-01-11","390","6622"
"2012-01-12","390","1311"
"2012-01-13","390","2718"
"2012-01-16","390","2828"
"2012-01-17","390","30"
"2012-01-18","390.1","1873"
"2012-01-19","400","5014"
"2012-01-20","400","202"
"2012-03-30","445","4189"
"2012-04-02","430","2703"
"2012-04-03","437.5","57"
"2012-04-04","439","12007"
"2012-04-05","435","5413"
"2012-04-06","435","9871"
"2012-04-09","425","31"
"2012-04-10","430","518"
"2012-04-11","432","2301"
"2012-04-12","435","4266"
"2012-04-13","430","5409"
"2012-04-16","444.9","5359"
"2012-04-17","438","4500"
"2012-04-18","435","2307"
"2012-04-19","435","1092"
"2012-04-20","430","4423"
"2012-04-23","429.9","3142"
"2012-04-25","425","5369"
"2012-04-26","430","1578"
"2012-04-27","430","32"
"2012-04-30","460","6264"
"2012-05-01","460","2110"
"2012-05-02","450","2332"
"2012-05-03","440","2110"
"2012-05-04","450","6212"
"2012-05-07","450","8031"
"2012-05-08","450","1786"
"2012-05-09","453","410"
"2012-05-09","453","410"
"2012-05-10","450","6864"
"2012-05-11","450","2392"
"2012-05-14","450.1","3125"
"2012-05-15","450","2082"
"2012-05-16","454","1386"
"2012-05-17","454.5","167"
"2012-05-18","454.9","1427"
"2012-05-21","454","3251"
"2012-05-22","448","1440"
"2012-05-23","454.5","32300"
"2012-05-24","445","80"
"2012-05-25","450","3980"
"2012-05-28","443","1361"
"2012-05-29","441","1812"
"2012-05-30","450","2574"
"2012-05-31","450","3047"
"2012-06-04","445","1305"
"2012-06-05","430","9028"
"2012-06-06","435","6977"
"2012-06-07","435","3725"
"2012-06-08","455","21121"
"2012-06-11","444","801"
"2012-06-12","445","25"
"2012-06-12","445","25"
"2012-06-13","435","1375"
"2012-06-14","435.5","224"
"2012-06-15","435","900"
"2012-06-18","440","18497"
"2012-06-20","431","701"
"2012-06-20","431","701"
"2012-06-20","431","701"
"2012-06-21","434","1011"
"2012-06-22","435","207"
"2012-06-25","436","5349"
"2012-06-26","435","1778"
"2012-06-27","430","3580"
"2012-07-03","435","22"
"2012-07-05","483.8","122"
"2012-07-06","494.7","760"
"2012-07-10","494.7","9"
"2012-07-17","440","2"
"2012-07-20","450","1"
"2012-07-23","440","45"
"2012-07-24","431.2","131"
"2012-07-25","430","10"
"2012-07-27","422","10"
"2012-07-30","435","4181"
"2012-07-31","456.7","1712"
"2012-08-01","460","500"
"2012-08-13","435","2740"
"2012-08-14","420.1","1200"
"2012-08-15","420","414"
"2012-08-16","420","80"
"2012-08-20","420","133"
"2012-08-21","414.7","373"
"2012-08-22","410","8"
"2012-08-23","410","2520"
"2012-08-24","402.8","67"
"2012-08-28","400","3385"
"2012-08-29","395","50"
"2012-08-30","397.2","3043"
"2012-08-31","399.7","2141"
"2012-09-03","390","35"
"2012-09-04","390.2","600"
"2012-09-05","397","500"
"2012-09-07","390.1","5"
"2012-09-10","397","3"
"2012-09-11","390.1","200"
"2012-09-12","390.2","1361"
"2012-09-13","390.1","1010"
"2012-09-14","387","30"
"2012-09-18","387.3","291"
"2012-09-19","386.6","525"
"2012-09-20","387.5","8"
"2012-09-21","389.3","7"
"2012-09-24","388.5","136"
"2012-09-25","388.9","2667"
"2012-09-26","388","281"
"2012-09-27","386.3","631"
"2012-09-28","380","205"
"2012-10-01","380","255"
"2012-10-02","338.4","2200"
"2012-10-04","340","3500"
"2012-10-05","340","1000"
"2012-10-08","340","970"
"2012-10-09","360","45"
"2012-10-10","360","1564"
"2012-10-11","360","2361"
"2012-10-12","360","140"
"2012-10-15","360","652"
"2012-10-17","378","20"
"2012-10-18","378","6"
"2012-10-19","350","400"
"2012-10-22","350","11"
"2012-10-23","350","2297"
"2012-10-25","351","50"
"2012-10-26","350","709"
"2012-10-30","350","4400"
"2012-10-31","350","1201"
"2012-11-01","350","1700"
"2012-11-02","350","150"
"2012-11-05","350","1625"
"2012-11-06","350","1100"
"2012-11-07","350","234"
"2012-11-08","350","320"
"2012-11-09","350","215"
"2012-11-12","350","30"
"2012-11-13","330.8","652"
"2012-11-15","329.9","1832"
"2012-11-16","325","600"
"2012-11-19","324.6","1130"
"2012-11-20","320","854"
"2012-11-23","315","13"
"2012-11-26","315.8","191"
"2012-11-27","315","100"
"2012-11-28","312.5","239"
"2012-11-29","310.1","106"
"2012-11-30","310","116"
"2012-12-03","315","2593"
"2012-12-04","318.9","3089"
"2012-12-05","330","500"
"2012-12-06","332.7","562"
"2012-12-07","340","36"
"2012-12-10","370","71"
"2012-12-11","368","105"
"2012-12-12","369.4","305"
"2012-12-13","369.3","3633"
"2012-12-14","369.7","4606"
"2012-12-17","370","771"
"2012-12-18","364","1933"
"2012-12-19","370","11144"
"2012-12-20","379.5","3919"
"2012-12-21","380","40"
"2012-12-25","370","215"
"2012-12-26","384.3","6759"
"2012-12-27","385","470"
"2012-12-28","381.3","2194"
"2013-01-02","385","2300"
"2013-01-03","385","6572"
"2013-01-04","385","3136"
"2013-01-05","393.8","7712"
"2013-01-07","386.1","3400"
"2013-01-08","390","1958"
"2013-01-09","399","1250"
"2013-01-10","399","1510"
"2013-01-11","398","13000"
"2013-01-15","395","205"
"2013-01-16","400","367"
"2013-01-17","399.9","350"
"2013-01-18","419.9","5536"
"2013-01-21","415","1123"
"2013-01-22","413.3","4567"
"2013-01-24","415","199"
"2013-01-25","415","50"
"2013-01-28","415.5","118"
"2013-01-29","410","29"
"2013-01-30","405.3","2170"
"2013-01-31","400","3230"
"2013-02-01","400","1015"
"2013-02-04","399","508"
"2013-02-05","399.5","1900"
"2013-02-06","400","100"
"2013-02-07","405","49"
"2013-02-08","403.4","141"
"2013-02-13","410","67"
"2013-02-14","410","15520"
"2013-02-15","410","32"
"2013-02-18","410","10"
"2013-02-19","415","5"
"2013-02-20","410","2700"
"2013-02-21","405","10"
"2013-02-22","400","1175"
"2013-02-25","400","900"
"2013-02-26","400","1050"
"2013-02-27","400","838"
"2013-02-28","399","1100"
"2013-03-01","395","1600"
"2013-03-04","395","9"
"2013-03-05","384.2","930"
"2013-03-06","390","1"
"2013-03-11","370","726"
"2013-03-12","369","2617"
"2013-03-13","369.5","1407"
"2013-03-14","360","1523"
"2013-03-15","358","60"
"2013-03-18","352","1482"
"2013-03-19","352.1","1589"
"2013-03-20","350","1"
"2013-03-21","350.3","900"
"2013-03-22","350","7570"
"2013-03-25","350","1214"
"2013-03-26","355","1955"
"2013-03-27","352.3","1471"
"2013-03-28","351","26630"
"2013-03-29","351.1","6811"
"2013-04-02","352.7","1700"
"2013-04-03","353","900"
"2013-04-04","353","989"
"2013-04-05","355","4137"
"2013-04-08","356","741"
"2013-04-09","355","1032"
"2013-04-10","360","2100"
"2013-04-11","374.7","947"
"2013-04-12","360","110"
"2013-04-15","361","6788"
"2013-04-16","363","100"
"2013-04-17","370","5730"
"2013-04-18","370","22570"
"2013-04-19","370","120"
"2013-04-23","355","8126"
"2013-04-25","355","100"
"2013-04-26","355","1900"
"2013-04-29","355","5480"
"2013-04-30","372","2050"
"2013-05-01","355","68"
"2013-05-02","355","1327"
"2013-05-03","355","1607"
"2013-05-07","355.6","3931"
"2013-05-08","355.7","8521"
"2013-05-10","370","3"
"2013-05-14","355","1592"
"2013-05-15","360","100"
"2013-05-16","354.3","1165"
"2013-05-17","368","2"
"2013-05-20","355.3","104"
"2013-05-21","360","998"
"2013-05-22","369.5","4216"
"2013-05-23","365.1","1053"
"2013-05-24","369.9","8339"
"2013-05-28","365","655"
"2013-05-29","360.8","1946"
"2013-05-30","360.3","1965"
"2013-06-03","360","20"
"2013-06-04","370","810"
"2013-06-05","360","6903"
"2013-06-06","370","11134"
"2013-06-07","375","114"
"2013-06-10","375","93"
"2013-06-11","370","80"
"2013-06-12","360.2","4300"
"2013-06-13","361","570"
"2013-06-14","373","2266"
"2013-06-17","360.1","400"
"2013-06-18","375","67"
"2013-06-19","364.4","634"
"2013-06-20","361.6","417"
"2013-06-21","362","693"
"2013-06-24","362","3176"
"2013-06-25","370","1000"
"2013-06-27","361","2570"
"2013-06-28","361","4414"
"2013-07-01","360.1","300"
"2013-07-02","362.5","666"
"2013-07-03","362.1","650"
"2013-07-05","362.5","2078"
"2013-07-08","362.5","2000"
"2013-07-09","359.5","1550"
"2013-07-10","370","100"
"2013-07-15","370","3934"
"2013-07-16","370","7987"
"2013-07-17","375","3000"
"2013-07-18","375","651"
"2013-07-19","372.8","492"
"2013-07-22","375","1388"
"2013-07-23","380","50"
"2013-07-24","380","25"
"2013-07-25","380","30"
"2013-07-26","380","547"
"2013-07-30","375","385"
"2013-07-31","378.6","4704"
"2013-08-01","380","1206"
"2013-08-05","380","3380"
"2013-08-07","379.9","3158"
"2013-08-08","380","6300"
"2013-08-09","380","977"
"2013-08-14","379.4","1090"
"2013-08-15","378","930"
"2013-08-16","379.9","569"
"2013-08-19","370.1","910"
"2013-08-20","375","581"
"2013-08-21","375","581"
"2013-08-22","375","100"
"2013-08-23","378","1"
"2013-08-26","378","580"
"2013-08-27","378","157"
"2013-08-29","369","12"
"2013-08-30","370","1388"
"2013-09-02","378","251"
"2013-09-03","378","441"
"2013-09-04","379.5","311"
"2013-09-05","375","200"
"2013-09-06","370.5","50"
"2013-09-09","372.7","500"
"2013-09-11","370.4","161"
"2013-09-12","370.3","296"
"2013-09-13","370","50"
"2013-09-16","367.9","1479"
"2013-09-17","370","1300"
"2013-09-18","370","2350"
"2013-09-19","370","8"
"2013-09-24","375","4081"
"2013-09-27","380.3","3280"
"2013-10-02","380","1203"
"2013-10-03","388.2","2600"
"2013-10-07","388","10"
"2013-10-08","388.3","1150"
"2013-10-09","390","27"
"2013-10-10","390","26"
"2013-10-11","388","1004"
"2013-10-14","380.1","200"
"2013-10-15","390","1000"
"2013-10-16","390","1138"
"2013-10-17","380","7920"
"2013-10-18","380","3902"
"2013-10-22","380","2370"
"2013-10-23","380","2400"
"2013-10-24","380","1000"
"2013-10-25","385","1315"
"2013-10-28","383","413"
"2013-10-29","380","850"
"2013-10-30","390","5972"
"2013-10-31","420.7","4010"
"2013-11-01","439.5","203"
"2013-11-05","410","2457"
"2013-11-06","410.1","256"
"2013-11-07","395","900"
"2013-11-08","375","3800"
"2013-11-11","395","11"
"2013-11-12","380.5","957"
"2013-11-13","395","10"
"2013-11-15","390","1407"
"2013-11-18","390.2","2209"
"2013-11-19","382","1228"
"2013-11-21","394","100"
"2013-11-22","385","600"
"2013-11-25","385","15"
"2013-11-26","385","370"
"2013-11-27","380.3","911"
"2013-11-28","386.9","1727"
"2013-11-29","420","11000"
"2013-12-06","400","16"
"2013-12-09","395","2264"
"2013-12-10","395","1144"
"2013-12-11","395","2212"
"2013-12-12","395.1","1796"
"2013-12-13","392.6","400"
"2013-12-16","395","808"
"2013-12-17","403.9","1685"
"2013-12-18","407.6","309"
"2013-12-19","417.3","1030"
"2013-12-20","419.1","398"
"2013-12-23","410","1387"
"2013-12-24","400.7","732"
"2013-12-25","409.6","2375"
"2013-12-26","410","360"
"2013-12-27","400","1350"
"2013-12-30","410","1250"
"2013-12-31","406.9","80"
"2014-01-02","409.9","171"
"2014-01-03","410","3135"
"2014-01-06","409.8","627"
"2014-01-07","409.2","42"
"2014-01-08","408.1","4270"
"2014-01-09","410","6300"
"2014-01-10","400.6","2029"
"2014-01-13","400","407"
"2014-01-14","400","350"
"2014-01-15","400","2150"
"2014-01-16","399","1699"
"2014-01-17","395","358"
"2014-01-20","379","2964"
"2014-01-21","382.4","560"
"2014-01-22","400","20"
"2014-01-24","400","1"
"2014-01-27","385.5","107"
"2014-01-29","399.9","75"
"2014-01-30","406.4","4042"
"2014-02-05","420","28"
"2014-02-06","419.9","740"
"2014-02-07","419.9","3"
"2014-02-10","420.3","1078"
"2014-02-11","422.9","349"
"2014-02-12","420","473"
"2014-02-13","422.3","497"
"2014-02-17","420","1586"
"2014-02-18","420","200"
"2014-02-19","410","78"
"2014-02-20","410","1325"
"2014-02-21","420","102"
"2014-02-24","420","1812"
"2014-02-26","402.1","1000"
"2014-02-27","421.9","1100"
"2014-02-28","426.9","3400"
"2014-03-04","428","1"
"2014-03-06","422.9","1776"
"2014-03-07","416.7","38"
"2014-03-10","420","6"
"2014-03-11","420","51"
"2014-03-13","416","127"
"2014-03-14","415","200"
"2014-03-17","414.3","31"
"2014-03-18","400.1","431"
"2014-03-19","410.5","3"
"2014-03-20","414","2"
"2014-03-25","414","10"
"2014-03-27","410.5","13"
"2014-03-31","410","7182"
"2014-04-01","380","1"
"2014-04-03","380","1"
"2014-04-04","395","8"
"2014-04-07","395","84"
"2014-04-08","395","123"
"2014-04-11","384.9","1559"
"2014-04-14","385","4205"
"2014-04-15","375","1110"
"2014-04-17","380","1"
"2014-04-21","375.7","973"
"2014-04-22","380","327"
"2014-04-23","376.2","696"
"2014-04-24","367.1","1774"
"2014-04-25","380","25"
"2014-04-28","375","4"
"2014-04-29","375","12"
"2014-05-01","375","2"
"2014-05-02","375","1152"
"2014-05-05","370","767"
"2014-05-06","370","269"
"2014-05-08","370","101"
"2014-05-09","365","367"
"2014-05-12","370","1322"
"2014-05-13","370","229"
"2014-05-14","370","502"
"2014-05-16","365.6","230"
"2014-05-19","365","169"
"2014-05-20","365","2"
"2014-05-21","365","505"
"2014-05-22","364.3","320"
"2014-05-23","360.6","10"
"2014-05-26","361.1","243"
"2014-05-28","360.4","23"
"2014-05-29","356","127"
"2014-05-30","350","1263"
"2014-06-02","340","1292"
"2014-06-03","361","10915"
"2014-06-04","370","4032"
"2014-06-05","369.5","70"
"2014-06-06","366.7","3"
"2014-06-10","358.1","1718"
"2014-06-16","360","1603"
"2014-06-17","360","854"
"2014-06-18","357.5","100"
"2014-06-19","360","601"
"2014-06-20","360","1005"
"2014-06-23","360","8"
"2014-06-26","360","57"
"2014-06-27","360","5535"
"2014-06-30","363","450"
"2014-07-02","363","3428"
"2014-07-03","363","310"
"2014-07-07","370","1235"
"2014-07-08","400","1942"
"2014-07-09","407","402"
"2014-07-10","408.4","205"
"2014-07-17","400","501"
"2014-07-18","390","23"
"2014-07-21","390.9","736"
"2014-07-22","391","5"
"2014-07-23","395","548"
"2014-07-24","394","878"
"2014-07-25","390","1757"
"2014-07-28","390.1","10"
"2014-07-29","388.3","2105"
"2014-08-04","391","12"
"2014-08-05","391.5","72"
"2014-08-06","393","788"
"2014-08-07","391.6","137"
"2014-08-08","391.5","1049"
"2014-08-11","391.5","143"
"2014-08-12","390.6","162"
"2014-08-14","391.5","1700"
"2014-08-18","393","453"
"2014-08-19","392.6","700"
"2014-08-20","391.5","50"
"2014-08-21","391.5","141"
"2014-08-22","391.5","25"
"2014-08-25","389","26"
"2014-08-26","378.2","56"
"2014-08-29","385","50"
"2014-09-01","385","1500"
"2014-09-02","385","1056"
"2014-09-03","375","1539"
"2014-09-04","375","10"
"2014-09-05","370","2200"
"2014-09-08","370","395"
"2014-09-09","385","1"
"2014-09-11","370.1","8"
"2014-09-12","371","6"
"2014-09-15","365.5","230"
"2014-09-16","370","510"
"2014-09-17","365.2","290"
"2014-09-18","366","250"
"2014-09-19","370.7","300"
"2014-09-22","370","4015"
"2014-09-23","370","3539"
"2014-09-24","370","284"
"2014-09-25","369.8","582"
"2014-09-26","366.9","250"
"2014-09-29","370","1206"
"2014-09-30","369.9","887"
"2014-10-01","370.9","3103"
"2014-10-02","370","80"
"2014-10-03","370.1","50"
"2014-10-06","370","1600"
"2014-10-08","375","2100"
"2014-10-10","375","94"
"2014-10-13","370","4494"
"2014-10-16","370","73"
"2014-10-20","372.3","396"
"2014-10-22","370","75"
"2014-10-23","370","45"
"2014-10-24","372","95"
"2014-10-27","370.6","1815"
"2014-10-28","370.5","1520"
"2014-10-29","371","145"
"2014-10-30","380","52"
"2014-11-03","375.2","517"
"2014-11-04","370","787"
"2014-11-05","380","15"
"2014-11-06","380","122"
"2014-11-07","370.6","559"
"2014-11-10","375","70"
"2014-11-11","375","100"
"2014-11-13","370","2185"
"2014-11-14","373.8","2097"
"2014-11-17","373.5","5"
"2014-11-18","370.4","628"
"2014-11-19","370","3644"
"2014-11-20","370","36"
"2014-11-21","365","468"
"2014-11-24","365","280"
"2014-11-25","365","60"
"2014-11-26","365","3"
"2014-11-27","365","66"
"2014-11-28","365.3","5168"
"2014-12-01","378","160"
"2014-12-02","375","50"
"2014-12-03","375","950"
"2014-12-05","375","11"
"2014-12-08","377.9","86"
"2014-12-10","375","905"
"2014-12-11","377.9","2"
"2014-12-12","379.8","793"
"2014-12-15","375.1","8000"
"2014-12-18","420","58"
"2014-12-19","386.7","16"
"2014-12-22","375.1","5000"
"2014-12-23","375.1","65"
"2014-12-24","377","48"
"2014-12-25","375.4","2000"
"2015-01-05","375.1","1600"
"2015-01-07","375","4900"
"2015-01-09","370.1","75"
"2015-01-10","370","1750"
"2015-01-13","375","1600"
"2015-01-14","375","762"
"2015-01-15","375","8"
"2015-01-16","375","38"
"2015-01-20","370.3","223"
"2015-01-21","370","53"
"2015-01-26","370","3"
"2015-01-27","370","28"
"2015-01-29","368","2805"
"2015-01-30","368","353"
"2015-02-02","370","2623"
"2015-02-03","370","2"
"2015-02-04","370","105"
"2015-02-05","361","1310"
"2015-02-06","361","735"
"2015-02-10","360.1","3406"
"2015-02-11","368.6","110"
"2015-02-12","365","1661"
"2015-02-13","362.5","570"
"2015-02-16","362.7","350"
"2015-02-17","358.6","2108"
"2015-02-18","360.4","2115"
"2015-02-23","362","150"
"2015-02-24","360.6","350"
"2015-02-25","355.5","1093"
"2015-02-26","360","52"
"2015-02-27","359.3","200"
"2015-03-02","359.1","175"
"2015-03-03","353.2","1472"
"2015-03-04","356.7","300"
"2015-03-05","350.9","2247"
"2015-03-06","350","499"
"2015-03-09","350","11"
"2015-03-10","351.2","2466"
"2015-03-11","355.5","2205"
"2015-03-12","351.5","2715"
"2015-03-13","357.2","3340"
"2015-03-16","355.5","392"
"2015-03-17","355.8","260"
"2015-03-18","357.1","83"
"2015-03-19","349.4","53"
"2015-03-20","334.9","2063"
"2015-03-23","339.9","1777"
"2015-03-24","358.8","153"
"2015-03-25","358.8","7835"
"2015-03-27","357.4","3361"
"2015-03-30","355.5","130"
"2015-03-31","351.3","59"
"2015-04-01","350","403"
"2015-04-02","346.7","765"
"2015-04-03","347","2648"
"2015-04-06","352.9","2953"
"2015-04-07","356.3","2121"
"2015-04-08","365","105"
"2015-04-09","351.3","1272"
"2015-04-10","357","458"
"2015-04-13","344.6","2347"
"2015-04-14","358","310"
"2015-04-15","357.1","283"
"2015-04-16","357.5","120"
"2015-04-17","354","479"
"2015-04-20","353.9","891"
"2015-04-21","354.5","1375"
"2015-04-22","354.4","2277"
"2015-04-23","351.6","1327"
"2015-04-24","355","2302"
"2015-04-27","355.8","884"
"2015-04-28","355.6","601"
"2015-04-29","355","513"
"2015-04-30","355.4","690"
"2015-05-01","355","490"
"2015-05-04","353","50"
"2015-05-05","349.5","959"
"2015-05-06","349.5","1155"
"2015-05-07","349.5","5634"
"2015-05-08","349.8","2360"
"2015-05-11","349.8","1178"
"2015-05-12","353.2","3183"
"2015-05-13","357.2","570"
"2015-05-14","346.1","250"
"2015-05-18","349","10"
"2015-05-19","340.7","1360"
"2015-05-20","340","901"
"2015-05-21","340","1700"
"2015-05-22","339.2","99"
"2015-05-25","345.5","7330"
"2015-05-26","356","1543"
"2015-05-27","350.8","150"
"2015-05-28","355.9","8"
"2015-06-02","349.8","1067"
"2015-06-03","352.5","3401"
"2015-06-04","350","1022"
"2015-06-05","346","1978"
"2015-06-08","350","950"
"2015-06-09","350","4040"
"2015-06-11","354.5","8591"
"2015-06-12","351.9","6514"
"2015-06-15","355.6","4721"
"2015-06-16","399.6","2668"
"2015-06-17","392.7","4525"
"2015-06-18","394.1","630"
"2015-06-19","399.9","10"
"2015-06-22","390","10"
"2015-06-23","390.5","566"
"2015-06-24","390","13"
"2015-06-26","374.5","502"
"2015-06-29","371.1","20576"
"2015-06-30","374.9","50"
"2015-07-01","363.8","1547"
"2015-07-02","372.2","219"
"2015-07-03","365","10"
"2015-07-06","361.8","824"
"2015-07-07","365","180"
"2015-07-08","361.3","446"
"2015-07-09","365","70"
"2015-07-10","365","4545"
"2015-07-16","365.9","713"
"2015-07-21","357.7","759"
"2015-07-22","360","105"
"2015-07-23","360","100"
"2015-07-24","354","292"
"2015-07-27","360","150"
"2015-07-28","360","50"
"2015-07-29","359.1","486"
"2015-07-30","350.1","1"
"2015-07-31","359","50"
"2015-08-03","352.2","205"
"2015-08-04","350.7","750"
"2015-08-05","356.1","70"
"2015-08-06","358.9","25"
"2015-08-10","348","99"
"2015-08-11","345.7","242"
"2015-08-12","356","115"
"2015-08-13","356","90"
"2015-08-14","356","45"
"2015-08-17","356","15"
"2015-08-18","351.2","66"
"2015-08-19","355","99"
"2015-08-20","355.7","54"
"2015-08-21","356","5"
"2015-08-27","335","40"
"2015-08-28","350","5"
"2015-08-31","331.5","163"
"2015-09-01","330","1789"
"2015-09-02","330.3","214"
"2015-09-03","349","530"
"2015-09-04","350","250"
"2015-09-07","350","20"
"2015-09-09","340","1002"
"2015-09-10","344.5","3"
"2015-09-11","348.6","19954"
"2015-09-14","356","3004"
"2015-09-15","355.7","1575"
"2015-09-16","360","500"
"2015-09-17","360","425"
"2015-09-18","359.6","547"
"2015-09-21","359.6","825"
"2015-09-22","359.9","488"
"2015-09-23","360","550"
"2015-09-24","360","525"
"2015-09-25","359.5","659"
"2015-09-28","359.3","599"
"2015-09-29","359","500"
"2015-09-30","359.8","500"
"2015-10-01","360","385"
"2015-10-02","360","180"
"2015-10-05","360","247"
"2015-10-06","360","50"
"2015-10-07","359.9","50"
"2015-10-08","359.3","110"
"2015-10-09","359.4","115"
"2015-10-12","360","202"
"2015-10-13","360","102"
"2015-10-14","360","65"
"2015-10-15","360","75"
"2015-10-16","359.6","25"
"2015-10-19","359","175"
"2015-10-20","359","110"
"2015-10-21","359","37"
"2015-10-22","358","295"
"2015-10-23","356","779"
"2015-10-26","357.7","1433"
"2015-10-27","357.1","2382"
"2015-10-28","358","978"
"2015-10-29","358","1100"
"2015-10-30","359","1827"
"2015-11-02","379","300"
"2015-11-03","378.9","137"
"2015-11-04","378","545"
"2015-11-05","377.9","140"
"2015-11-06","377.9","20"
"2015-11-09","369","425"
"2015-11-10","367.7","115"
"2015-11-11","367.8","350"
"2015-11-13","368.1","395"
"2015-11-16","377.8","175"
"2015-11-17","375.9","263"
"2015-11-18","377.9","5"
"2015-11-19","375","231"
"2015-11-20","374.9","110"
"2015-11-23","375","105"
"2015-11-24","372","127"
"2015-11-25","374.9","75"
"2015-11-26","375","50"
"2015-11-27","374.8","110"
"2015-11-30","374.9","50"
"2015-12-01","373.3","220"
"2015-12-02","337.9","1541"
"2015-12-03","374.9","127"
"2015-12-04","374","105"
"2015-12-08","360","72"
"2015-12-09","354","503"
"2015-12-10","353.1","520"
"2015-12-11","360","302"
"2015-12-14","367","400"
"2015-12-15","365.7","1050"
"2015-12-16","368.5","1214"
"2015-12-17","374.6","412"
"2015-12-18","355","2"
"2015-12-21","364.2","316"
"2015-12-22","350.2","609"
"2015-12-23","345.6","1959"
"2015-12-24","353.3","5856"
"2015-12-25","365.1","6329"
"2015-12-28","395.1","461"
"2015-12-30","390.2","165"
"2015-12-31","389.6","386"
"2016-01-04","384.8","175"
"2016-01-05","384.8","105"
"2016-01-06","377.8","125"
"2016-01-07","360","65"
"2016-01-08","359.5","400"
"2016-01-11","359.4","462"
"2016-01-12","357.7","1200"
"2016-01-13","355.4","1175"
"2016-01-14","345.2","460"
"2016-01-15","353.5","4852"
"2016-01-18","358","4441"
"2016-01-19","377","1389"
"2016-01-20","377","267"
"2016-01-21","374.4","588"
"2016-01-22","375","495"
"2016-01-25","351.2","3412"
"2016-01-26","348","225"
"2016-01-27","349.3","1498"
"2016-01-28","343.6","6057"
"2016-01-29","344","2970"
"2016-02-01","338.9","4367"
"2016-02-02","340.3","10913"
"2016-02-03","362.3","10048"
"2016-02-04","371.9","23396"
"2016-02-05","378.3","37738"
"2016-02-08","376.4","630"
"2016-02-12","325.2","47202"
"2016-02-15","368.9","150"
"2016-02-16","368.9","189"
"2016-02-17","360","257"
"2016-02-18","360","580"
"2016-02-19","350.4","6012"
"2016-02-22","376.3","3468"
"2016-02-23","379.9","290"
"2016-02-25","378.6","303"
"2016-02-26","376.4","1088"
"2016-02-29","377.6","700"
"2016-03-01","374.8","583"
"2016-03-02","374.3","1255"
"2016-03-03","373.2","901"
"2016-03-04","375","402"
"2016-03-07","368","261"
"2016-03-09","368","4740"
"2016-03-10","366","732"
"2016-03-11","365","1141"
"2016-03-14","367","2640"
"2016-03-15","366","9355"
"2016-03-16","374.5","8474"
"2016-03-17","360","12"
"2016-03-18","355","47"
"2016-03-21","353.8","2037"
"2016-03-22","355","123"
"2016-03-23","355","243"
"2016-03-23","355","243"
"2016-03-24","354.7","371"
"2016-03-25","360.1","11780"
"2016-03-28","374","14762"
"2016-03-29","370","750"
"2016-03-30","374.2","899"
"2016-03-31","370.3","682"
"2016-04-01","366.5","790"
"2016-04-04","370","750"
"2016-04-05","369.9","509"
"2016-04-06","368.4","1033"
"2016-04-07","362.8","973"
"2016-04-08","371.3","6600"
"2016-04-11","370.5","7275"
"2016-04-12","374.2","12980"
"2016-04-13","370","100"
"2016-04-14","362.1","300"
"2016-04-15","351.3","3175"
"2016-04-18","368","50"
"2016-04-19","367.9","155"
"2016-04-20","368","270"
"2016-04-21","370.4","8611"
"2016-04-22","384.8","2025"
"2016-04-25","370","250"
"2016-04-26","358.4","2516"
"2016-04-27","361.5","5150"
"2016-04-28","370.7","7130"
"2016-04-29","374.6","4100"
"2016-05-02","374.6","110"
"2016-05-03","352.2","1950"
"2016-05-04","353.1","1120"
"2016-05-05","368.1","5940"
"2016-05-06","374.6","522"
"2016-05-09","375","1370"
"2016-05-10","377","7098"
"2016-05-11","385.9","11374"
"2016-05-12","389.1","604"
"2016-05-13","398.4","336"
"2016-05-16","385.3","2890"
"2016-05-17","377","1902"
"2016-05-18","377.6","2450"
"2016-05-19","367.7","1550"
"2016-05-20","370.4","975"
"2016-05-23","358","4456"
"2016-05-24","363.3","2250"
"2016-05-25","375","1105"
"2016-05-26","377.7","3649"
"2016-05-27","386","9938"
"2016-05-30","399.2","860"
"2016-05-31","399.1","994"
"2016-06-02","402.6","1233"
"2016-06-03","412.9","1794"
"2016-06-06","404.4","1283"
"2016-06-07","410.3","377"
"2016-06-08","408.9","810"
"2016-06-09","401","4424"
"2016-06-10","397","2070"
"2016-06-20","443.57","42608"
"2016-06-21","477.04","43575"
"2016-06-22","450.78","23295"
"2016-06-23","458.88","5505"
"2016-06-24","447.84","15330"
"2016-06-27","456.09","671"
"2016-06-28","427.56","5757"
"2016-06-30","435.94","1865"
"2016-07-01","436.05","17230"
"2016-07-04","421.14","6557"
"2016-07-05","420.88","23550"
"2016-07-06","426.02","12500"
"2016-07-07","414.31","3142"
"2016-07-08","419.99","9170"
"2016-07-18","439.36","9016"
"2016-07-19","446.53","1075"
"2016-07-20","444.84","13854"
"2016-07-21","444.1","4460"
"2016-07-22","440.8","19541"
"2016-07-25","441.34","3070"
"2016-07-26","420.53","5711"
"2016-07-27","414.82","2664"
"2016-07-28","423.17","2202"
"2016-07-29","436.3","1568"
"2016-08-01","427.3","2974"
"2016-08-02","420.71","6158"
"2016-08-03","409.95","16804"
"2016-08-04","393.06","15257"
"2016-08-05","425.85","4490"
"2016-08-08","426.44","3053"
"2016-08-09","419.13","14966"
"2016-08-10","419.9","2310"
"2016-08-11","418","140362"
"2016-08-12","418.92","2630"
"2016-08-15","417.1","3503"
"2016-08-16","415.66","6522"
"2016-08-17","412.18","10433"
"2016-08-18","401.97","13565"
"2016-08-19","409.05","16289"
"2016-08-22","407.02","19322"
"2016-08-23","409.58","6393"
"2016-08-24","409.52","16211"
"2016-08-25","413.44","3195"
"2016-08-26","409","1500"
"2016-08-29","410.5","6000"
"2016-08-30","405.37","13678"
"2016-08-31","403.55","10640"
"2016-09-01","391.88","29099"
"2016-09-02","394.18","6462"
"2016-09-05","385.81","20553"
"2016-09-06","394.12","6546"
"2016-09-07","393.86","3493"
"2016-09-08","394.71","6211"
"2016-09-09","395.98","2515"
"2016-09-12","392.14","2101"
"2016-09-13","388.92","9519"
"2016-09-14","380.09","15341"
"2016-09-15","381.45","10577"
"2016-09-16","369.27","28188"
"2016-09-19","385.3","30969"
"2016-09-20","385.85","15582"
"2016-09-21","389.34","11513"
"2016-09-22","381.94","7993"
"2016-09-23","371.7","12041"
"2016-09-26","379.62","10500"
"2016-09-27","376.21","15015"
"2016-09-28","386.87","57472"
"2016-09-29","390","17502"
"2016-09-30","397.78","7200"
"2016-10-03","389.76","10595"
"2016-10-04","389.74","6725"
"2016-10-05","390","12290"
"2016-10-06","401.4","7950"
"2016-10-07","415.14","6935"
"2016-10-10","420","4687"
"2016-10-11","416.99","11878"
"2016-10-12","420","9550"
"2016-10-13","420.55","5160"
"2016-10-14","423.74","7456"
"2016-10-17","424.26","6690"
"2016-10-18","424.22","6500"
"2016-10-20","418.77","5700"
"2016-10-21","405.17","25577"
"2016-10-24","396.16","29020"
"2016-10-25","417","50"
"2016-10-27","400","1"
"2016-10-28","400","342"
"2016-11-01","384.24","14522"
"2016-11-02","381","199"
"2016-11-03","381.55","1177"
"2016-11-04","400","1"
"2016-11-07","396.6","682"
"2016-11-08","391.63","6025"
"2016-11-09","382.15","8516"
"2016-11-10","359.81","77568"
"2016-11-11","367.92","294"
"2016-11-14","377.23","7497"
"2016-11-15","372.53","16544"
"2016-11-16","379.96","526"
"2016-11-17","377.42","8791"
"2016-11-21","365.82","11000"
"2016-11-22","362.01","14300"
"2016-11-23","360","7000"
"2016-11-28","361.8","4530"
"2016-11-29","373.45","545"
"2016-11-30","365.63","154810"
"2016-12-01","362.5","5160"
"2016-12-02","363.29","6999"
"2016-12-05","367.86","11720"
"2016-12-06","363.38","3467"
"2016-12-07","364.35","5083"
"2016-12-08","368.64","1420"
"2016-12-09","365.13","3081"
"2016-12-12","368.08","3260"
"2016-12-13","375.44","40204"
"2016-12-14","376.54","8883"
"2016-12-15","379.1","26900"
"2016-12-16","378.47","3800"
"2016-12-19","386","2600"
"2016-12-20","380.25","1000"
"2016-12-21","370.74","11800"
"2016-12-22","370","5000"
"2016-12-23","377.07","14100"
"2016-12-26","382.34","13328"
"2016-12-27","382.72","57248"
"2016-12-28","396.22","23275"
"2017-01-02","380","50"
"2017-01-03","370.66","9260"
"2017-01-04","374.74","2110"
"2017-01-05","371.37","7160"
"2017-01-06","371","1893"
"2017-01-07","367.13","23107"
"2017-01-09","367.18","9100"
"2017-01-10","370","20"
"2017-01-12","370.64","1492"
"2017-01-16","370.15","135"
"2017-01-17","375","1160"
"2017-01-18","370.64","4060"
"2017-01-19","370.05","3900"
"2017-01-20","369.39","3303"
"2017-01-23","361.92","1249"
"2017-01-24","356.49","1171"
"2017-01-25","353.57","20945"
"2017-01-26","354.4","47257"
"2017-01-27","354.42","20698"
"2017-01-30","354.9","5941"
"2017-01-31","351.74","14830"
"2017-02-01","350.47","9444"
"2017-02-02","350","4399"
"2017-02-03","350","1839"
"2017-02-06","350.02","4372"
"2017-02-07","350.36","2364"
"2017-02-08","345.97","23210"
"2017-02-09","343.27","2447"
"2017-02-10","350","2850"
"2017-02-13","349.91","7367"
"2017-02-14","346.09","2751"
"2017-02-15","349.87","1302"
"2017-02-16","346.21","5324"
"2017-02-17","345.7","2646"
"2017-02-20","345.22","8966"
"2017-02-21","332.25","9938"
"2017-02-22","297.51","31863"
"2017-02-23","313.59","3658"
"2017-02-24","337.77","27465"
"2017-03-02","330.05","2740"
"2017-03-03","349.85","1037"
"2017-03-06","332.68","11238"
"2017-03-07","303.1","29213"
"2017-03-09","317.54","73286"
"2017-03-10","319.59","33626"
"2017-03-13","337.61","21535"
"2017-03-14","330.22","26021"
"2017-03-15","347","250"
"2017-03-16","351.6","66033"
"2017-03-17","351.68","6670"
"2017-03-20","340.13","4587"
"2017-03-21","349.79","24341"
"2017-03-22","333.38","12605"
"2017-03-23","347.63","11038"
"2017-03-24","340","14728"
"2017-03-27","337.35","35190"
"2017-03-28","339.58","24000"
"2017-03-29","340","600"
"2017-03-31","344.66","2710"
"2017-04-03","344.11","1223"
"2017-04-04","336.09","7159"
"2017-04-05","340.39","11868"
"2017-04-06","340.67","3526"
"2017-04-07","335.39","17666"
"2017-04-10","340.8","4103"
"2017-04-11","340.97","1333"
"2017-04-12","338.43","5892"
"2017-04-13","340.34","3040"
"2017-04-14","341.85","5230"
"2017-04-17","338.45","7890"
"2017-04-18","335.81","14600"
"2017-04-19","335.02","2622"
"2017-04-20","324.34","18875"
"2017-04-21","320.05","9163"
"2017-04-24","330","20"
"2017-04-25","328.21","780"
"2017-04-26","334.91","1113"
"2017-04-27","330.12","3370"
"2017-04-28","327.78","1148"
"2017-05-01","331.66","6067"
"2017-05-02","325.45","22000"
"2017-05-03","304.27","19830"
"2017-05-04","299.8","73802"
"2017-05-05","295.86","29050"
"2017-05-08","285.82","96693"
"2017-05-09","284.59","13252"
"2017-05-10","300.01","25162"
"2017-05-11","304.86","9652"
"2017-05-15","325.42","9727"
"2017-05-16","325.62","6760"
"2017-05-17","325","100"
"2017-05-18","320.97","24550"
"2017-05-19","320","2612"
"2017-05-22","328.16","25579"
"2017-05-23","331.5","19149"
"2017-05-24","336.61","26541"
"2017-05-25","336.28","23232"
"2017-05-26","320","2126"
"2017-05-29","335.7","25674"
"2017-05-30","324.67","4656"
"2017-05-31","320.15","9515"
"2017-06-02","327.42","1939"
"2017-06-05","320.63","2787"
"2017-06-06","315.02","5304"
"2017-06-07","297.45","53293"
"2017-06-08","290.55","126392"
"2017-06-09","286.95","62662"
"2017-06-12","300","1500"
"2017-06-13","304.66","5942"
"2017-06-14","303.62","481"
"2017-06-15","284.62","100374"
"2017-06-16","271.68","19867"
"2017-06-19","292.64","571"
"2017-06-20","292.28","8208"
"2017-06-21","291.35","6940"
"2017-06-22","291.55","33107"
"2017-06-23","292.37","1606"
"2017-06-27","290.72","2800"
"2017-06-28","292.53","1000"
"2017-06-29","305","1"
"2017-06-30","290.03","41075"
"2017-07-03","295","14869"
"2017-07-04","303.31","31586"
"2017-07-05","315.59","30797"
"2017-07-06","316.3","29126"
"2017-07-16","347.34","91380"
"2017-07-17","379.32","89034"
"2017-07-18","398.06","60890"
"2017-07-19","431.47","114939"
"2017-07-20","428.36","126174"
"2017-07-21","416.49","72498"
"2017-07-24","387.95","39071"
"2017-07-25","383.2","92369"
"2017-07-26","391.33","230642"
"2017-07-27","404.33","140031"
"2017-07-28","403.66","34650"
"2017-07-31","386.66","139675"
"2017-08-01","366.65","34157"
"2017-08-02","365.45","43092"
"2017-08-03","360.94","36088"
"2017-08-04","359.68","34856"
"2017-08-07","361.86","28317"
"2017-08-08","362.19","11128"
"2017-08-09","369.79","30980"
"2017-08-10","382.43","19195"
"2017-08-11","390.76","8325"
"2017-08-14","390.8","14570"
"2017-08-15","393.7","28458"
"2017-08-16","387.5","44657"
"2017-08-17","387.15","85330"
"2017-08-18","410.62","568093"
"2017-08-21","451.24","254329"
"2017-08-22","471.2","171659"
"2017-08-23","470.07","125318"
"2017-08-24","443.18","75067"
"2017-08-25","448.81","75078"
"2017-08-28","451.79","30238"
"2017-08-29","457.11","24971"
"2017-08-30","445.1","28204"
"2017-08-31","451.92","13735"
"2017-09-01","457.98","23515"
"2017-09-04","459.03","46616"
"2017-09-05","454.4","35760"
"2017-09-06","456.34","16660"
"2017-09-07","458.29","15524"
"2017-09-08","460.6","82771"
"2017-09-11","467.84","66375"
"2017-09-12","477.23","33635"
"2017-09-13","504.84","79897"
"2017-09-14","521.35","269907"
"2017-09-15","567.94","98271"
"2017-09-18","606.17","103604"
"2017-09-19","653.6","52702"
"2017-09-20","600.5","106337"
"2017-09-21","595.05","32293"
"2017-09-22","593.56","75129"
"2017-09-25","636.58","22735"
"2017-09-26","629.68","27228"
"2017-09-27","625.24","49764"
"2017-09-28","630.43","22201"
"2017-09-29","630.33","56795"
"2017-10-02","624.23","61115"
"2017-10-03","632.61","2556"
"2017-10-04","628.91","23028"
"2017-10-05","624.76","48029"
"2017-10-06","683.66","91324"
"2017-10-09","725.77","80666"
"2017-10-10","784.42","157671"
"2017-10-11","750.65","127083"
"2017-10-12","738.61","61527"
"2017-10-13","751.49","37734"
"2017-10-16","738.62","187097"
"2017-10-17","752.93","11052"
"2017-10-18","741.47","46257"
"2017-10-19","747.43","22545"
"2017-10-20","753.88","32081"
"2017-10-23","741.26","82629"
"2017-10-24","732.5","85135"
"2017-10-25","731.47","25392"
"2017-10-26","730.95","32870"
"2017-10-27","750.45","169846"
"2017-10-30","751.57","4237"
"2017-10-31","734.07","46554"
"2017-11-01","734.94","25401"
"2017-11-02","738.45","2902"
"2017-11-03","738.18","36759"
"2017-11-06","736.39","14511"
"2017-11-07","739.26","49706"
"2017-11-08","757.27","111603"
"2017-11-09","797.9","32472"
"2017-11-10","809.68","22869"
"2017-11-13","794.86","73141"
"2017-11-14","798.74","21949"
"2017-11-15","804.3","43622"
"2017-11-16","801.48","26846"
"2017-11-17","798.96","61499"
"2017-11-20","792.76","24215"
"2017-11-21","788.53","53219"
"2017-12-05","906.8","902251"
"2017-12-06","896.84","787502"
"2017-12-07","843.07","314483"
"2017-12-08","817.84","84543"
"2017-12-11","806.63","139023"
"2017-12-12","757.01","375015"
"2017-12-13","767.39","550508"
"2017-12-14","737.13","62995"
"2017-12-15","717.54","141589"
"2017-12-18","701.33","299336"
"2017-12-19","723.79","102384"
"2017-12-20","745.6","121015"
"2017-12-21","745.5","81515"
"2017-12-22","701.3","574137"
"2017-12-25","700.19","347425"
"2017-12-26","699.87","143551"
"2017-12-27","697.73","62868"
"2017-12-28","716.7","440173"
"2018-01-02","706.73","58275"
"2018-01-03","701.39","75689"
"2018-01-04","698.41","16623"
"2018-01-05","692.24","41398"
"2018-01-08","693.12","63933"
"2018-01-09","696.46","55625"
"2018-01-10","686.27","27902"
"2018-01-11","684.28","18019"
"2018-01-12","681.16","63042"
"2018-01-15","682.24","73872"
"2018-01-16","703.45","172695"
"2018-01-17","706.08","119234"
"2018-01-18","702.21","73187"
"2018-01-19","702.59","105059"
"2018-01-22","700.87","33320"
"2018-01-23","705.86","59830"
"2018-01-24","703.96","103293"
"2018-01-25","705.22","67407"
"2018-01-26","705.86","80422"
"2018-01-29","701.73","51728"
"2018-01-30","691.68","31087"
"2018-01-31","685.5","10223"
"2018-02-01","698.9","14429"
"2018-02-02","699.13","20035"
"2018-02-05","700.56","261258"
"2018-02-06","700.45","49167"
"2018-02-07","699.63","27046"
"2018-02-08","699.96","60548"
"2018-02-09","699.93","90171"
"2018-02-12","698.71","43029"
"2018-02-13","698.77","47983"
"2018-02-14","701.52","14046"
"2018-02-15","702.26","15850"
"2018-02-19","700.44","17429"
"2018-02-20","695.05","17060"
"2018-02-21","695.92","43791"
"2018-02-22","673.79","35910"
"2018-02-23","673.38","15074"
"2018-02-26","673.75","12058"
"2018-02-27","670.17","12329"
"2018-02-28","669.71","24478"
"2018-03-01","660.76","69986"
"2018-03-02","648.19","48834"
"2018-03-05","668.23","58120"
"2018-03-06","675.01","55968"
"2018-03-07","686.75","46500"
"2018-03-09","688.47","34182"
"2018-03-12","686.45","54534"
"2018-03-13","683.13","39816"
"2018-03-14","677.27","75594"
"2018-03-15","675.37","25004"
"2018-03-16","670.86","44958"
"2018-03-19","651.64","79621"
"2018-03-20","662.03","33388"
"2018-03-21","654.38","72418"
"2018-03-22","658.31","57863"
"2018-03-23","662.54","38439"
"2018-03-26","660.66","49501"
"2018-03-27","649.45","46428"
"2018-03-28","653.08","12558"
"2018-03-29","648.98","42952"
"2018-03-30","647.39","30003"
"2018-04-02","648","6405"
"2018-04-03","640.54","26795"
"2018-04-04","621.96","37382"
"2018-04-05","612.79","21434"
"2018-04-06","612.82","52167"
"2018-04-09","614.9","12144"
"2018-04-10","611.31","10942"
"2018-04-11","601.91","19979"
"2018-04-12","591.55","13418"
"2018-04-13","603.76","37121"
"2018-04-16","616.97","22449"
"2018-04-17","649.94","11445"
"2018-04-18","633.97","48300"
"2018-04-19","661.01","37200"
"2018-04-20","657.19","31702"
"2018-04-23","647.18","11257"
"2018-04-24","630.09","84001"
"2018-04-25","640","27746"
"2018-04-26","629.31","23498"
"2018-04-27","645.44","72147"
"2018-04-30","630.7","45549"
"2018-05-01","624.85","28022"
"2018-05-02","635.71","565"
"2018-05-03","629.47","13397"
"2018-05-04","625.01","17771"
"2018-05-07","621.22","137035"
"2018-05-08","617.95","22785"
"2018-05-09","600.13","29218"
"2018-05-10","596.85","76540"
"2018-05-11","597.24","34996"
"2018-05-14","582.66","96535"
"2018-05-15","585.62","12879"
"2018-05-16","577.14","23135"
"2018-05-17","572.63","28238"
"2018-05-18","564.38","84424"
"2018-05-21","565.21","44726"
"2018-05-22","601.24","69466"
"2018-05-23","618","38470"
"2018-05-24","619.55","18049"
"2018-05-25","650.08","64472"
"2018-05-28","628.97","23850"
"2018-05-29","632.77","4981"
"2018-05-30","630","31092"
"2018-05-31","628","3064"
"2018-06-04","604.78","22198"
"2018-06-05","602.59","15969"
"2018-06-06","600.2","16253"
"2018-06-07","590.67","29893"
"2018-06-08","587.25","75849"
"2018-06-11","579.32","74931"
"2018-06-12","581.64","74833"
"2018-06-13","582.8","43195"
"2018-06-14","586.77","20320"
"2018-06-15","594.85","28263"
"2018-06-18","590","5951"
"2018-06-19","585.74","24322"
"2018-06-20","581.39","35418"
"2018-06-21","580.52","61516"
"2018-06-22","577.71","56851"
"2018-06-25","578.91","19256"
"2018-06-26","579.77","51740"
"2018-06-27","601.08","126550"
"2018-06-28","599.91","171734"
"2018-06-29","633.39","440606"
"2018-07-02","602.2","60479"
"2018-07-03","583.44","19652"
"2018-07-04","582.91","19779"
"2018-07-05","599.84","9501"
"2018-07-06","595","26570"
"2018-07-09","585.07","57058"
"2018-07-10","595","2300"
"2018-07-16","600","13449"
"2018-07-17","590.06","2227"
"2018-07-18","599","3381"
"2018-07-19","599.76","2367"
"2018-07-20","599","21183"
"2018-07-23","593.61","15324"
"2018-07-24","592","4268"
"2018-07-25","572.95","75700"
"2018-07-26","580","14183"
"2018-07-27","580","4321"
"2018-07-30","580","10423"
"2018-07-31","601.67","174832"
"2018-08-01","607.52","12126"
"2018-08-02","607.19","12657"
"2018-08-03","602.81","6010"
"2018-08-06","602.77","9346"
"2018-08-07","579.94","28857"
"2018-08-08","595","18852"
"2018-08-09","600.69","85832"
"2018-08-10","600","27137"
"2018-08-13","599.98","7240"
"2018-08-14","586.29","37524"
"2018-08-15","586.06","6432"
"2018-08-16","577.98","21234"
"2018-08-17","580.25","4081"
"2018-08-20","583.41","22118"
"2018-08-21","585.04","4496"
"2018-08-22","581.46","73417"
"2018-08-23","584.03","5181"
"2018-08-24","584.67","7567"
"2018-08-27","580.11","27699"
"2018-08-28","582.03","28172"
"2018-08-29","580.02","57898"
"2018-08-30","577.03","93152"
"2018-08-31","571.32","32945"
"2018-09-03","569.55","41681"
"2018-09-04","573.14","3580"
"2018-09-05","568.23","22396"
"2018-09-06","561.08","33511"
"2018-09-07","542.5","78259"
"2018-09-10","540.58","76722"
"2018-09-11","539.76","25144"
"2018-09-12","550.13","64195"
"2018-09-13","540","78173"
"2018-09-14","540.24","20466"
"2018-09-17","552.92","36871"
"2018-09-18","569.56","42623"
"2018-09-19","566.77","150"
"2018-09-20","570","8455"
"2018-09-21","565.89","57742"
"2018-09-24","561.77","3177"
"2018-09-25","563.98","26268"
"2018-09-26","569","23359"
"2018-09-27","571.8","21848"
"2018-09-28","568.5","80216"
"2018-10-01","578.71","3463"
"2018-10-02","572.52","38856"
"2018-10-03","573.14","16465"
"2018-10-04","588","12149"
"2018-10-05","571.94","171595"
"2018-10-08","580","4798"
"2018-10-09","574.77","48240"
"2018-10-10","575.73","9046"
"2018-10-11","574.61","1485"
"2018-10-12","571.61","10976"
"2018-10-15","570.52","11768"
"2018-10-16","571.58","10534"
"2018-10-17","573.6","11063"
"2018-10-18","577.12","22477"
"2018-10-19","572.14","13101"
"2018-10-22","582","25969"
"2018-10-23","593.39","7169"
"2018-10-24","595.01","31333"
"2018-10-25","590.67","17659"
"2018-10-26","590.41","2003"
"2018-10-29","594.01","10415"
"2018-10-30","579.22","48784"
"2018-10-31","589.06","15404"
"2018-11-01","581.18","29267"
"2018-11-02","579.13","11628"
"2018-11-05","583.71","60981"
"2018-11-06","580.09","2448"
"2018-11-07","582.89","2448"
"2018-11-12","591.37","162037"
"2018-11-13","581.94","99325"
"2018-11-14","585","7156"
"2018-11-15","580.01","73734"
"2018-11-16","579.45","13840"
"2018-11-17","580","548"
"2018-11-19","580","15869"
"2018-11-20","579.91","29532"
"2018-11-21","573.35","151906"
"2018-11-22","566.01","48944"
"2018-11-23","564.24","34193"
"2018-11-27","571","10209"
"2018-11-28","576.33","3915"
"2018-11-29","573.18","3856"
"2018-11-30","572","11922"
"2018-12-03","571.85","30432"
"2018-12-03","571.85","30432"
"2018-12-04","566.06","125300"
"2018-12-05","570.18","6119"
"2018-12-06","569","112813"
"2018-12-07","572.6","88175"
"2018-12-10","595.57","163235"
"2018-12-11","579.73","312415"
"2018-12-12","600","18496"
"2018-12-13","570.72","663996"
"2018-12-14","600","33746"
"2018-12-17","591.9","12720"
"2018-12-18","610","159666"
"2018-12-19","609.82","68871"
"2018-12-20","611.14","107950"
"2018-12-21","610.5","5600"
"2018-12-24","587.18","175668"
"2018-12-25","600","79681"
"2018-12-26","600","6121"
"2018-12-27","590.51","159329"
"2018-12-28","590","7747"
"2018-12-31","622.11","58053"
"2019-01-02","645.75","52728"
"2019-01-03","639.72","58595"
"2019-01-04","640","6922"
"2019-01-07","644.71","27044"
"2019-01-08","635","91678"
"2019-01-09","635.89","12090"
"2019-01-10","638","2315"
"2019-01-11","622.78","65183"
"2019-01-14","625","12360"
"2019-01-15","618.21","57378"
"2019-01-16","629","16256"
"2019-01-17","619.46","33493"
"2019-01-18","619","1723"
"2019-01-21","604.05","124537"
"2019-01-22","612.01","350828"
"2019-01-23","609.65","408999"
"2019-01-24","609.92","209552"
"2019-01-25","610","226944"
"2019-01-28","611.15","1537"
"2019-01-29","610.46","17661"
"2019-01-30","609.24","3410"
"2019-01-31","596.81","81323"
"2019-02-01","597.5","114008"
"2019-02-02","609.86","10994"
"2019-02-04","605.15","4946"
"2019-02-11","600.55","4250"
"2019-02-12","610","182215"
"2019-02-13","610.12","31664"
"2019-02-14","611.61","26302"
"2019-02-15","618","32602"
"2019-02-18","611.74","17534"
"2019-02-19","617.58","35425"
"2019-02-20","666.25","118117"
"2019-02-21","659.78","19233"
"2019-02-22","649.36","25256"
"2019-02-25","629.15","140103"
"2019-02-26","621.32","29518"
"2019-02-27","628.79","7300"
"2019-02-28","626.65","14606"
"2019-03-01","627.43","29694"
"2019-03-04","629.43","25222"
"2019-03-05","629.99","2454"
"2019-03-06","623.07","49845"
"2019-03-07","633.62","92116"
"2019-03-11","632.11","21415"
"2019-03-12","629.34","96061"
"2019-03-13","629.25","55515"
"2019-03-14","626.84","74683"
"2019-03-15","619.42","30965"
"2019-03-18","624.47","2969"
"2019-03-19","622.77","69271"
"2019-03-20","621.65","23712"
"2019-03-21","630.15","130879"
"2019-03-22","632.81","64024"
"2019-03-25","630.7","23901"
"2019-03-26","627.57","89493"
"2019-03-27","630","18827"
"2019-03-28","621.56","62655"
"2019-03-29","631.62","6553"
"2019-04-01","630.97","33065"
"2019-04-02","628.1","5308"
"2019-04-03","628.24","33312"
"2019-04-04","620.22","105849"
"2019-04-05","570.21","40459"
"2019-04-08","595","12620"
"2019-04-09","579.64","32737"
"2019-04-10","594.76","12490"
"2019-04-11","594","34126"
"2019-04-12","591.66","34033"
"2019-04-15","595.23","113243"
"2019-04-16","590.05","75250"
"2019-04-17","591.06","909"
"2019-04-18","584.36","69799"
"2019-04-19","581.44","3400"
"2019-04-22","580.48","10730"
"2019-04-23","578.2","19723"
"2019-04-24","580.72","3750"
"2019-04-25","581.98","6146"
"2019-04-26","589.99","16284"
"2019-04-29","601.67","115469"
"2019-04-30","595.14","5734"
"2019-05-01","592.08","24011"
"2019-05-02","588.26","10731"
"2019-05-03","591.18","8675"
"2019-05-06","581.1","20803"
"2019-05-07","584.58","8960"
"2019-05-08","589.99","2741"
"2019-05-09","592","38770"
"2019-05-10","588.08","40659"
"2019-05-13","589.93","127"
"2019-05-14","589.77","4387"
"2019-05-15","584.53","71292"
"2019-05-16","584.53","42826"
"2019-05-17","581.12","16640"
"2019-05-20","576.89","5815"
"2019-05-21","578.9","257"
"2019-05-22","570.91","7701"
"2019-05-23","576.66","15793"
"2019-05-24","575.93","1657"
"2019-05-27","571.32","20935"
"2019-05-28","564.31","35545"
"2019-05-29","569.06","10073"
"2019-05-30","570.34","10621"
"2019-05-31","574.99","3860"
"2019-06-03","571.53","21696"
"2019-06-04","571.61","7386"
"2019-06-05","565.95","36307"
"2019-06-06","569.63","8118"
"2019-06-07","566","15747"
"2019-06-10","564.99","28185"
"2019-06-11","563.71","30684"
"2019-06-12","567","804"
"2019-06-13","560.04","26077"
"2019-06-14","561.18","29973"
"2019-06-17","559.97","19340"
"2019-06-18","559","2830"
"2019-06-19","559.8","39831"
"2019-06-20","559.34","5263"
"2019-06-21","568","4115"
"2019-06-24","566.53","13704"
"2019-06-25","565.06","11794"
"2019-06-26","570.39","2673"
"2019-06-27","566","7575"
"2019-06-28","582.83","27271"
"2019-07-01","566.14","2104"
"2019-07-02","570","1638"
"2019-07-03","569.16","20503"
"2019-07-04","573.26","1941"
"2019-07-05","572.42","30475"
"2019-07-08","570.31","4595"
"2019-07-09","566.94","36497"
"2019-07-10","571.01","6740"
"2019-07-16","566.94","23767"
"2019-07-17","567.74","16025"
"2019-07-18","568.08","2231"
"2019-07-19","572","159"
"2019-07-22","562.89","14858"
"2019-07-23","565","2150"
"2019-07-24","566","1727"
"2019-07-25","560.91","17377"
"2019-07-26","569","300"
"2019-07-29","560","10961"
"2019-07-30","568.99","11"
"2019-07-31","559.11","5563"
"2019-08-01","554.91","31309"
"2019-08-02","552.73","21129"
"2019-08-05","555.54","1313"
"2019-08-06","560","8374"
"2019-08-07","559.67","660"
"2019-08-08","557.74","35751"
"2019-08-09","549.59","37224"
"2019-08-12","547.92","16694"
"2019-08-13","550","4577"
"2019-08-14","536.67","24048"
"2019-08-15","533","2945"
"2019-08-16","531.25","6847"
"2019-08-19","537","3825"
"2019-08-20","532.5","3716"
"2019-08-21","530.12","5373"
"2019-08-22","520","18563"
"2019-08-23","520","10181"
"2019-08-26","509","46675"
"2019-08-27","507.99","19298"
"2019-08-28","508","16523"
"2019-08-29","509","5944"
"2019-08-30","508.5","10411"
"2019-09-02","510","5166"
"2019-09-04","508.1","12945"
"2019-09-05","506.58","20859"
"2019-09-06","504.81","5976"
"2019-09-07","508.83","24000"
"2019-09-07","508.83","24000"
"2019-09-09","509","46510"
"2019-09-10","507.4","7438"
"2019-09-11","505.8","11442"
"2019-09-12","506.11","1711"
"2019-09-13","502.69","10304"
"2019-09-16","503.26","2261"
"2019-09-17","509","8311"
"2019-09-18","503.01","19517"
"2019-09-19","503","9856"
"2019-09-20","504.12","11679"
"2019-09-23","503.57","3403"
"2019-09-24","501.16","2267"
"2019-09-25","501.1","12302"
"2019-09-26","499.39","26062"
"2019-09-27","500.33","8782"
"2019-09-30","507","1305"
"2019-10-01","501.51","1160"
"2019-10-02","506","1211"
"2019-10-03","509","1605"
"2019-10-04","509","888"
"2019-10-07","510.41","374"
"2019-10-08","526.83","4485"
"2019-10-09","511.13","1249"
"2019-10-10","520.94","3188"
"2019-10-11","526.36","17983"
"2019-10-14","516.01","1828"
"2019-10-15","516.59","446"
"2019-10-16","510.94","14769"
"2019-10-17","510.25","27428"
"2019-10-18","506.4","10271"
"2019-10-21","505.07","23217"
"2019-10-22","499.56","27960"
"2019-10-23","505","1300"
"2019-10-24","503.61","10150"
"2019-10-25","503.54","5776"
"2019-10-28","504.36","10730"
"2019-10-29","500.44","16743"
"2019-10-30","505","8275"
"2019-10-31","503.11","5333"
"2019-11-01","504.95","7603"
"2019-11-04","500.08","35631"
"2019-11-05","524.99","45124"
"2019-11-06","509","63794"
"2019-11-07","503.67","7420"
"2019-11-08","505","3052"
"2019-11-11","510.8","1599"
"2019-11-12","522.6","3111"
"2019-11-13","564.93","63458"
"2019-11-14","551.97","8307"
"2019-11-15","556.3","21377"
"2019-11-18","555.54","29840"
"2019-11-19","555.01","25985"
"2019-11-20","560","1328"
"2019-11-21","562.15","8873"
"2019-11-22","566.7","3777"
"2019-11-25","569","15550"
"2019-11-28","571.2","8571"
"2019-11-29","577.01","7235"
"2019-12-02","576.18","2925"
"2019-12-03","579.59","18988"
"2019-12-04","576","3395"
"2019-12-05","585.57","4966"
"2019-12-06","585.51","19440"
"2019-12-09","589.61","4918"
"2019-12-10","592.17","31614"
"2019-12-11","596.75","16941"
"2019-12-12","598.83","32763"
"2019-12-13","608.29","59170"
"2019-12-16","600.91","11956"
"2019-12-17","606.87","23388"
"2019-12-18","605.99","24831"
"2019-12-19","600.01","11095"
"2019-12-20","603","17945"
"2019-12-23","600.01","3826"
"2019-12-24","600","18003"
"2019-12-25","606.91","77811"
"2019-12-26","604.42","31454"
"2019-12-27","619.56","31043"
"2019-12-30","630.69","88736"
"2019-12-31","635.18","50012"
"2020-01-02","602.26","4073"
"2020-01-03","620","1784"
"2020-01-06","611.76","10680"
"2020-01-07","617.04","8632"
"2020-01-08","615","219"
"2020-01-09","614.43","17167"
"2020-01-10","616.79","15243"
"2020-01-13","614.32","673"
"2020-01-14","617.9","40"
"2020-01-15","615.7","231"
"2020-01-16","607.87","10412"
"2020-01-17","614.66","2293"
"2020-01-20","616.53","5968"
"2020-01-21","620.09","5964"
"2020-01-22","620.36","5590"
"2020-01-23","620.81","5118"
"2020-01-24","618.68","1989"
"2020-01-27","616.94","1827"
"2020-01-28","616.01","4230"
"2020-01-29","616","2323"
"2020-01-30","615.01","18824"
"2020-01-31","615.84","19000"
"2020-02-03","611.82","27227"
"2020-02-04","616","4003"
"2020-02-05","618.68","12046"
"2020-02-06","618.72","2375"
"2020-02-07","614.31","9251"
"2020-02-10","615.04","100183"
"2020-02-11","606.44","322282"
"2020-02-12","615","12889"
"2020-02-13","615.12","859"
"2020-02-14","622.75","20063"
"2020-02-17","615.33","6338"
"2020-02-18","647.97","111731"
"2020-02-19","652.57","35520"
"2020-02-20","657.41","12519"
"2020-02-21","653.98","40314"
"2020-02-27","653.17","11665"
"2020-02-28","644.01","9695"
"2020-03-02","635.03","14527"
"2020-03-03","643.08","17861"
"2020-03-04","641.83","3957"
"2020-03-05","639.1","1229"
"2020-03-06","643.58","3372"
"2020-03-09","644.62","42402"
"2020-03-10","635.54","3405"
"2020-03-11","632.48","1925"
"2020-03-12","640","11618"
"2020-03-13","640.18","1722"
"2020-03-16","631.14","16259"
"2020-03-17","632.63","8530"
"2020-03-18","629.95","34813"
"2020-03-19","621.71","30482"
"2020-03-20","622.32","41982"
"2020-03-23","605.34","25960"
"2020-03-24","524.48","29114"
"2020-03-25","524.51","10073"
"2020-03-26","512.44","68820"
"2020-03-27","513.31","14813"
"2020-03-30","516.57","14650"
"2020-03-31","533.64","74431"
"2020-04-01","530.81","2337"
"2020-04-02","525","4898"
"2020-04-03","524.99","581"
"2020-04-06","531","2438"
"2020-04-07","530","3443"
"2020-04-08","538.5","30458"
"2020-04-09","541","21039"
"2020-04-10","540.18","8087"
"2020-04-13","536.07","20506"
"2020-04-14","536.04","7045"
"2020-04-15","534.58","5337"
"2020-04-16","534.99","1261"
"2020-04-17","533","6956"
"2020-04-20","537.39","989"
"2020-04-21","531.01","32212"
"2020-04-22","534","200"
"2020-04-23","532.07","583"
"2020-04-24","533.69","3240"
"2020-04-27","535","4151"
"2020-04-28","532.73","11833"
"2020-04-29","541.13","189563"
"2020-04-30","540.14","38717"
"2020-05-01","539.99","2000"
"2020-05-04","543","19125"
"2020-05-05","542.8","20145"
"2020-05-06","537.22","1362"
"2020-05-07","536.86","18945"
"2020-05-08","542.82","154"
"2020-05-11","539.05","18183"
"2020-05-12","537.24","846"
"2020-05-13","537.44","400"
"2020-05-14","539.89","7623"
"2020-05-15","539","545"
"2020-05-18","539.89","510"
"2020-05-19","540","18869"
"2020-05-20","539.5","49"
"2020-05-21","538","3787"
"2020-05-22","538","2700"
"2020-05-25","537.18","5884"
"2020-05-26","539.5","378"
"2020-05-27","540.06","12629"
"2020-05-28","542","1684"
"2020-05-29","542","92"
"2020-06-02","542","11300"
"2020-06-03","540.16","32485"
"2020-06-04","541.77","10108"
"2020-06-08","539.99","14197"
"2020-06-09","543.54","7367"
"2020-06-10","542.01","22431"
"2020-06-11","544.08","2886"
"2020-06-12","541.55","30457"
"2020-06-15","540.03","31243"
"2020-06-16","544.96","455"
"2020-06-17","548","5372"
"2020-06-18","549.28","2361"
"2020-06-19","546","13797"
"2020-06-22","549","774"
"2020-06-23","540.91","39888"
"2020-06-25","546","1904"
"2020-06-26","541.91","4653"
"2020-06-29","546","3196"
"2020-06-30","549","44320"
"2020-07-01","549.05","163"
"2020-07-02","549","293"
"2020-07-03","542.66","12672"
"2020-07-06","549.1","953"
"2020-07-07","546.97","920"
"2020-07-08","540.31","21466"
"2020-07-09","545","2589"
"2020-07-10","548.99","602"
"2020-07-16","545.11","655"
"2020-07-17","548.4","1679"
"2020-07-20","547","1375"
"2020-07-21","545","9338"
"2020-07-22","545.71","9962"
"2020-07-23","547.86","7774"
"2020-07-24","548.55","55761"
"2020-07-27","547.61","6341"
"2020-07-28","546.58","10763"
"2020-07-29","550","2305"
"2020-07-30","560","17042"
"2020-07-31","579.99","17305"
"2020-08-03","580","2651"
"2020-08-04","550.64","24443"
"2020-08-05","551.34","8140"
"2020-08-06","549.93","5752"
"2020-08-07","547","2353"
"2020-08-10","549.99","1443"
"2020-08-11","544.73","31010"
"2020-08-12","543.06","13135"
"2020-08-13","543.86","14285"
"2020-08-14","549","8781"
"2020-08-17","547.55","17826"
"2020-08-18","582.07","100378"
"2020-08-19","589.98","36187"
"2020-08-20","585","20279"
"2020-08-21","593.91","23635"
"2020-08-24","595.75","45780"
"2020-08-25","597.3","6074"
"2020-08-26","588.87","48911"
"2020-08-27","585","18929"
"2020-08-28","584","37166"
"2020-08-31","583.4","37582"
"2020-09-01","576.12","14797"
"2020-09-02","570.38","10559"
"2020-09-03","574.74","6871"
"2020-09-04","574.38","15194"
"2020-09-07","574.95","1301"
"2020-09-08","569.07","17140"
"2020-09-09","583.5","1717"
"2020-09-10","580.54","4329"
"2020-09-11","580.2","4110"
"2020-09-14","575.44","14723"
"2020-09-15","579","10559"
"2020-09-16","574.16","24449"
"2020-09-17","579","1"
"2020-09-18","572.9","6928"
"2020-09-21","573.51","7372"
"2020-09-22","574.86","7296"
"2020-09-23","563.47","22337"
"2020-09-24","569.99","6086"
"2020-09-25","570","3522"
"2020-09-28","564.74","30153"
"2020-09-29","556.24","9773"
"2020-09-30","568.88","5069"
"2020-10-01","573.59","11537"
"2020-10-02","574","3705"
"2020-10-05","559.99","14503"
"2020-10-06","560","14020"
"2020-10-07","569.52","4831"
"2020-10-08","567.72","13854"
"2020-10-09","569","892"
"2020-10-12","566.22","2148"
"2020-10-13","566","521"
"2020-10-14","569.94","12931"
"2020-10-16","570.04","42507"
"2020-10-19","571.77","3709"
"2020-10-20","569.25","6511"
"2020-10-21","572.99","25662"
"2020-10-22","570.37","4095"
"2020-10-23","569.99","2510"
"2020-10-26","570.97","4753"
"2020-10-27","568.06","3447"
"2020-10-28","568.32","2577"
"2020-10-29","564","11136"
"2020-10-30","568.37","20113"
"2020-11-02","569.27","7420"
"2020-11-03","567.86","2008"
"2020-11-04","573.92","60177"
"2020-11-05","593.33","7871"
"2020-11-06","580","14848"
"2020-11-09","580.98","26491"
"2020-11-10","575.69","37568"
"2020-11-11","584.99","2070"
"2020-11-12","580.34","10696"
"2020-11-13","585","433"
"2020-11-17","585","5212"
"2020-11-18","585.13","2252"
"2020-11-19","583.38","10189"
"2020-11-20","588.09","3253"
"2020-11-23","588","1404"
"2020-11-24","585","10390"
"2020-11-25","585","15917"
"2020-11-27","574.61","42214"
"2020-11-30","578.38","2928"
"2020-12-01","575.31","5996"
"2020-12-02","579.19","5087"
"2020-12-03","582","393"
"2020-12-04","578.63","19829"
"2020-12-07","581","3291"
"2020-12-08","575.51","13925"
"2020-12-09","574.65","17107"
"2020-12-10","581","3132"
"2020-12-11","581.5","780"
"2020-12-14","582","4410"
"2020-12-15","575.65","8673"
"2020-12-16","580","1873"
"2020-12-17","574.94","21659"
"2020-12-18","577.82","49147"
"2020-12-21","574.79","56971"
"2020-12-22","570.23","16746"
"2020-12-23","572.09","37920"
"2020-12-24","575.27","13951"
"2020-12-25","575.75","1309"
"2020-12-28","575.85","18708"
"2020-12-30","616.6","243198"
"2020-12-31","605.15","91249"
"2021-01-04","600.27","2082"
"2021-01-05","602.39","15567"
"2021-01-06","601.38","10372"
"2021-01-07","596.22","14717"
"2021-01-08","591","38127"
"2021-01-11","586.55","15110"
"2021-01-12","595.52","22178"
"2021-01-13","600.02","32466"
"2021-01-14","605.23","20473"
"2021-01-15","601.73","33220"
"2021-01-18","600.08","18973"
"2021-01-19","602","753"
"2021-01-20","600.1","10615"
"2021-01-21","602.11","31471"
"2021-01-22","607.65","84906"
"2021-01-25","617.37","27054"
"2021-01-26","616.99","13338"
"2021-01-27","619.99","22973"
"2021-01-28","619.4","14591"
"2021-01-29","623.62","39796"
"2021-02-01","625.28","26696"
"2021-02-02","630.17","46321"
"2021-02-03","630.54","32120"
"2021-02-04","631.05","6882"
"2021-02-05","639.8","54660"
"2021-02-08","640.35","85601"
"2021-02-09","638.5","61390"
"2021-02-10","639.9","52259"
"2021-02-11","640.48","37499"
"2021-02-15","639.74","38064"
"2021-02-16","638.7","62014"
"2021-02-17","724.57","426757"
"2021-02-18","748.3","170660"
"2021-02-19","732.71","79331"
"2021-02-22","735.45","97197"
"2021-02-23","732.89","72971"
"2021-02-24","729.81","90479"
"2021-02-25","733.67","50782"
"2021-02-26","730.3","102068"
"2021-03-01","730.49","131773"
"2021-03-02","743.89","54427"
"2021-03-03","747.91","123249"
"2021-03-04","742.67","14338"
"2021-03-05","749.75","11711"
"2021-03-09","749.41","36681"
"2021-03-10","747.38","38014"
"2021-03-11","745.31","15621"
"2021-03-12","745.96","20123"
"2021-03-15","744.43","43886"
"2021-03-16","740.18","13473"
"2021-03-17","727.41","27806"
"2021-03-18","739.71","37837"
"2021-03-19","741.77","10748"
"2021-03-22","739.82","19372"
"2021-03-23","737.86","15692"
"2021-03-24","741.18","12524"
"2021-03-25","749.89","45581"
"2021-03-26","756.32","37094"
"2021-03-29","759.21","39114"
"2021-03-30","762.4","50746"
"2021-03-31","746.58","54099"
"2021-04-01","709.86","33277"
"2021-04-02","711.3","27274"
"2021-04-05","709.48","85524"
"2021-04-06","708.19","34554"
"2021-04-07","708.57","16197"
"2021-04-07","708.57","16197"
"2021-04-08","709.1","65434"
"2021-04-09","710.58","39108"
"2021-04-12","720.22","35988"
"2021-04-13","720.38","130295"
"2021-04-14","724.96","35886"
"2021-04-15","724.52","34689"
"2021-04-16","723.84","60960"
"2021-04-19","724.57","48868"
"2021-04-20","715.81","55489"
"2021-04-21","710.57","126114"
"2021-04-22","720.25","42675"
"2021-04-23","719.98","23760"
"2021-04-26","722.02","16175"
"2021-04-27","721.11","30046"
"2021-04-28","723.3","29523"
"2021-04-29","724.37","60494"
"2021-04-30","726.7","50423"
"2021-05-03","720.14","33040"
"2021-05-04","722.42","23892"
"2021-05-05","721.92","162947"
"2021-05-06","719.24","21046"
"2021-05-07","719.94","16710"
"2021-05-10","718.96","34134"
"2021-05-11","709.67","62158"
"2021-05-12","712.49","17228"
"2021-05-13","709.99","13831"
"2021-05-14","709.82","34051"
"2021-05-17","705.03","25733"
"2021-05-18","719.97","20591"
"2021-05-19","719.12","20525"
"2021-05-20","714.63","14589"
"2021-05-21","710.83","24898"
"2021-05-24","711.6","29982"
"2021-05-25","711.96","35068"
"2021-05-27","714.49","12303"
"2021-05-28","715","14414"
"2021-05-31","714","14352"
"2021-06-02","714.69","15786"
"2021-06-03","715","11755"
"2021-06-04","714.32","19181"
"2021-06-07","714.1","19264"
"2021-06-08","713.33","33785"
"2021-06-10","711.48","66385"
"2021-06-11","712.4","96473"
"2021-06-14","713.63","25435"
"2021-06-15","713.18","14158"
"2021-06-16","712.64","28838"
"2021-06-17","714.7","15520"
"2021-06-18","711.48","37825"
"2021-06-21","715.59","34815"
"2021-06-22","744","2221"
"2021-06-23","744.07","19844"
"2021-06-24","760.1","29432"
"2021-06-25","771.04","25087"
"2021-06-28","771.47","25951"
"2021-06-29","772.16","19874"
"2021-06-30","794.33","36521"
"2021-07-01","795.05","16747"
"2021-07-02","774.66","63683"
"2021-07-05","788.56","14023"
"2021-07-06","798.24","44482"
"2021-07-07","809.68","19368"
"2021-07-08","922.77","17517"
"2021-07-09","933.05","55130"
"2021-07-19","938.54","46863"
"2021-07-20","910.31","92457"
"2021-07-21","892.3","26656"
"2021-07-22","910.95","45494"
"2021-07-23","920.8","16495"
"2021-07-24","920.18","10647"
"2021-07-26","938.53","23457"
"2021-07-27","936.24","32113"
"2021-07-28","925.61","21213"
"2021-07-29","925.11","61216"
"2021-07-30","949.52","29903"
"2021-08-02","948.93","54107"
"2021-08-03","965.48","99257"
"2021-08-04","990.47","43244"
"2021-08-05","1139","22584"
"2021-08-06","1309","103842"
"2021-08-09","1319","216379"
"2021-08-10","1253","121967"
"2021-08-11","1151","62077"
"2021-08-12","1101","65725"
"2021-08-13","1238","41153"
"2021-08-16","1226","34721"
"2021-08-17","1241","47029"
"2021-08-18","1239","34993"
"2021-08-19","1236","51303"
"2021-08-20","1183","38357"
"2021-08-23","1205","44701"
"2021-08-24","1206","34901"
"2021-08-25","1206","26513"
"2021-08-26","1216","68707"
"2021-08-27","1241","48516"
"2021-08-30","1288","84569"
"2021-08-31","1299","41576"
"2021-09-01","1318","75497"
"2021-09-02","1340","55393"
"2021-09-03","1328","67870"
"2021-09-06","1334","55022"
"2021-09-07","1333","47840"
"2021-09-08","1336","39218"
"2021-09-09","1352","58123"
"2021-09-10","1499","100503"
"2021-09-13","1415","156931"
"2021-09-14","1443","73200"
"2021-09-15","1387","224285"
"2021-09-16","1267","280948"
"2021-09-17","1246","194812"
"2021-09-20","1396","101839"
"2021-09-21","1395","35127"
"2021-09-22","1399","84674"
"2021-09-23","1406","37437"
"2021-09-24","1404","54937"
"2021-09-27","1404","48556"
"2021-09-28","1408","55622"
"2021-09-29","1404","55734"
"2021-09-30","1410","52755"
"2021-10-01","1403","37124"
"2021-10-04","1398","36641"
"2021-10-05","1378","44045"
"2021-10-06","1365","38736"
"2021-10-07","1309","73470"
"2021-10-08","1318","30699"
"2021-10-11","1355","28523"
"2021-10-12","1371","29346"
"2021-10-13","1387","45127"
"2021-10-14","1385","15095"
"2021-10-15","1381","29472"
"2021-10-18","1386","22974"
"2021-10-19","1391","24779"
"2021-10-20","1391","42033"
"2021-10-21","1398","29784"
"2021-10-22","1398","42402"
"2021-10-25","1399","54447"
"2021-10-26","1398","38241"
"2021-10-27","1399","20752"
"2021-10-28","1396","76229"
"2021-10-29","1395","19025"
"2021-11-01","1390","67242"
"2021-11-02","1381","47477"
"2021-11-03","1376","42411"
"2021-11-04","1380","22379"
"2021-11-08","1384","21806"
"2021-11-09","1381","51147"
"2021-11-10","1381","27324"
"2021-11-11","1406","31347"
"2021-11-12","1457","34034"
"2021-11-15","1473","26060"
"2021-11-16","1484","41727"
"2021-11-17","1493","61959"
"2021-11-18","1494","58104"
"2021-11-19","1490","78963"
"2021-11-22","1490","55873"
"2021-11-23","1491","81086"
"2021-11-24","1491","42964"
"2021-11-25","1490","44984"
"2021-11-29","1491","71530"
"2021-11-30","1492","131080"
"2021-12-01","1500","71405"
"2021-12-02","1527","102315"
"2021-12-03","1543","67664"
"2021-12-06","1569","187320"
"2021-12-07","1597","163972"
"2021-12-08","1650","158406"
"2021-12-09","1705","127486"
"2021-12-10","1715","74937"
